quantization,image,inference_time_sec,quality_score,text_length,result_preview
Q4_K_M,kensg-rebarexposureRb_001.png,4.667,2.50,130,この画像には、壁の剥がれ、裂け目、腐食、損傷部分の欠損が見られます。 壁の剥がれは、壁の強度を低下させ、構造的な損傷を引き起こしています。 この損傷は、壁の強度を減少させ、壁の安全性を危険にさらす可能
Q4_K_M,kensg-rebarexposureRb_002.png,6.886,1.00,240,この画像には、壁に対して垂直に立ち上がった測量器があり、その測量器には「3」という番号が書かれています。壁に対して垂直に立ち上がった測量器は、壁の強度を測定するために使用されます。壁に対して垂直に立ち
Q4_K_M,kensg-rebarexposureRb_003.png,4.717,3.50,154,この画像には、壁に掛けられた横長のメーターと、その上に置かれた白いボードには、「1」という数字が書かれています。この場所には、壁に損傷があり、その損傷は、腐食、裂け目、腐食裂け目、部材の損失などです。
Q4_K_M,kensg-rebarexposureRb_004.png,5.667,4.00,165,この画像には、壁に対して破損があることが明らかです。壁には、壁面の破損によって、壁の構造が危険になっています。破損のタイプは、裂け目、鉄筋の露出、腐食、剥がれ、部材の損失です。破損の強度は、軽度、中度
Q4_K_M,kensg-rebarexposureRb_005.png,6.182,3.00,202,この画像には、壁に寝かせた紙束に書かれた日本語の文字があります。壁には、赤い線と白い線が描かれており、その上には「180000」という数字が書かれています。この壁には、壁の破損が見られます。破損の種類
Q4_K_M,kensg-rebarexposureRb_006.png,3.984,5.00,119,この画像には、橋の損傷が見られます。具体的には、損傷の種類は「裂け目」、「鉄筋の露出」、「腐食」、「剥がれ」、および「部材の損失」です。損傷の強度は「軽度」、「中度」、および「重度」です。損傷は橋の上
Q4_K_M,kensg-rebarexposureRb_007.png,6.858,3.00,220,この画像には、コンクリートの構造物に対して複数の損傷が認められています。主な損傷は、裂け目、鉄筋の露出、腐食、剥がれ、部材の損失です。裂け目は、コンクリートの表面に広がっており、構造物の強度に欠陥が生
Q4_K_M,kensg-rebarexposureRb_008.png,6.892,0.00,210,この画像には、橋の壁に寝かせた補強材料があり、その中には鋼管が含まれています。 また、補強材料の上には、鋼管の壁に寝かせた穴があり、その穴には鋼管が巻かれています。 この穴の周りには、鋼管の壁に寝かせ
Q4_K_M,kensg-rebarexposureRb_009.png,4.918,2.00,155,この画像には、吊り橋の下にあるコンクリート製の支柱に対して、腐食が起こっていることが明らかです。支柱の一部が損傷していることが認められ、その損傷の範囲は、支柱の半分程度に及びます。この損傷は、支柱の強
Q4_K_M,kensg-rebarexposureRb_010.png,5.086,3.00,160,この画像には、壁に対して傷があることが分かります。具体的には、壁の一部が剥がれていることが観察されます。この壁の傷は、軽度から中度の傷であり、壁の一部が失われていることが示唆されています。傷の範囲は、
Q4_K_M,kensg-rebarexposureRb_011.png,6.405,2.00,200,この画像には、斜路の下にある石壁に対して、様々な損傷が認められています。その中には、腐敗、裂け目、脱落したコンクリートの破片、および剥がれたコンクリートが含まれています。これらの損傷は、斜路の強度を低
Q4_K_M,kensg-rebarexposureRb_012.png,6.916,2.50,216,この画像には、コンクリートの壁に対して、複数の穴が開いていることが分かります。これらの穴は、壁の強度を低下させ、コンクリートの腐敗を加速させる可能性があります。また、壁に対して構造的な損傷が認められま
Q4_K_M,kensg-rebarexposureRb_013.png,5.772,4.00,179,この画像には、壁に取り付けられた盤型の機器があり、その下には砂利が敷かれています。壁の一部には、破損が認められており、その破損は、壁の強度が低下していることを示しています。破損の種類は、剥がれ、腐食、
Q4_K_M,kensg-rebarexposureRb_014.png,6.842,0.00,276,この画像には、壁に書かれた数字があり、その数字の下には「17」という数字が書かれています。壁には、「17」という数字が書かれています。壁には、「17」という数字が書かれています。壁には、「17」という
Q4_K_M,kensg-rebarexposureRb_015.png,6.930,2.50,224,この画像には、壁に書かれた文字や図形があり、その中には「K」という文字が見られます。壁の一部が剥がれ落ちていることがわかります。壁には複数の孔があり、その中には「1」という数字が書かれています。壁の一
Q4_K_M,kensg-rebarexposureRb_016.png,6.849,4.00,238,この写真には、橋の構造的ダメージが明らかになっています。具体的には、破損部分があり、その部分が剥がれていることが確認できます。また、その部分が損傷していることが示唆されています。このダメージは、剥がれ
Q4_K_M,kensg-rebarexposureRb_017.png,6.861,3.00,196,この画像には、壁に対して垂直に落ちている管があり、その管の下には、破損した壁材が含まれています。管の下には、管の縁に対して垂直に落ちている壁材があり、その壁材の一部が破損しています。この破損した壁材は
Q4_K_M,kensg-rebarexposureRb_018.png,3.722,5.00,107,この画像には、壁の傷があります。傷の種類は、裂け目、鉄筋の露出、腐食、剥がれ、部材の損失です。傷の強度は、軽度、中度、重度です。傷は壁の上部にあり、広範囲にわたっています。この壁には、壁の傷があること
Q4_K_M,kensg-rebarexposureRb_019.png,5.563,0.00,186,このイメージには、吊り橋の下にある壁に対して、劣化や腐敗が見られます。劣化は、壁の表面において、鋼管やコンクリートの欠損を引き起こしています。腐敗は、壁の表面において、コンクリートの剥がれを引き起こし
Q4_K_M,kensg-rebarexposureRb_020.png,6.170,4.00,191,この画像には、壁に対して傷があることが分かります。壁の一部が剥がれ落ちており、壁の構造に損傷が生じていることが示唆されています。  壁の傷の種類は、剥がれ落ち、鉄筋の露出、腐食、壁の損失です。傷の優先
Q4_K_M,kensg-rebarexposureRb_021.png,4.345,1.00,127,この画像には、壁に搭載されたチップの欠損があります。欠損部分は、壁の上にあり、壁の表面に対して傾斜しています。欠損部分の傾斜角度は、約30度です。この欠損は、壁の強度を低下させ、長期的には壁の崩壊の原
Q4_K_M,kensg-rebarexposureRb_022.png,4.748,5.00,137,この画像には、壁に対して傷があることが明確です。傷の種類は、裂け目、鉄筋の露出、腐食、剥がれ、部材の損失です。傷の傷度は、軽度、中度、重度です。傷の場所は、壁の上部と下部にあり、広範囲にわたっています
Q4_K_M,kensg-rebarexposureRb_023.png,6.896,1.00,206,この画像には、壁の下にある箱の中に汚れがあり、その汚れが壁に対して広がっていることが分かります。また、箱の底には磨き抜かれた箱の上にある磨き抜かれた箱の上にある磨き抜かれた箱の上にある磨き抜かれた箱の
Q4_K_M,kensg-rebarexposureRb_024.png,4.651,3.50,148,この画像には、橋の下にある壁の一部が破損していることが分かります。壁の一部が崩落しており、その破損は重度であると考えられます。破損部分は、壁の下にある石の一部からなっており、その破損の範囲は、壁の下の
Q4_K_M,kensg-rebarexposureRb_025.png,4.057,3.50,132,この画像には、壁の傷があることが分かります。壁には、破損した箇所があり、その箇所から壁のコンクリートが剥がれています。壁の傷は、重度であり、壁の一部が失われていることが分かります。壁の傷は、壁のコンク
Q4_K_M,kensg-rebarexposureRb_026.png,5.748,2.50,189,この画像には、壁に取り付けられた説明板があり、その板には「No.13」と「No.7」という数字が書かれています。壁には、破損部分が見つかりました。破損部分は、コロッセウムの壁に対して、壁の崩壊が起こっ
Q4_K_M,kensg-rebarexposureRb_027.png,4.872,2.00,141,この画像には、壁の損傷が見られます。壁には、破損、腐食、裂け目、損失などの損傷が見られます。 これらの損傷は、壁の構造に対する問題を引き起こしています。 壁の損傷の優先順位は、裂け目が最も重大であり、
Q4_K_M,kensg-rebarexposureRb_028.png,5.247,2.00,160,この画像には、壁の下にある大きな洞窟があります。洞窟内には、壁の損傷が見られます。その損傷は、壁の剥がれ、腐食、および壁の剥がれによる損傷です。洞窟の壁には、複数の剥がれが見られます。その剥がれは、壁
Q4_K_M,kensg-rebarexposureRb_029.png,5.505,4.00,159,この画像には、壁に取り付けられた梱物に対する損傷が描かれています。損傷の種類は、裂け目、鉄筋の露出、腐食、剥がれ、部材の損失です。損傷の優先度は、軽度、中度、重度で分類されます。損傷の範囲は、壁の一部
Q4_K_M,kensg-rebarexposureRb_030.png,6.930,3.00,196,この画像には、壁に対して縦に突き出した縁石があり、その縁石の下には壁の破損が見られます。縁石の下には、壁の損傷が縦に走っています。縁石の下には、壁の破損が縦に走っています。この破損は、壁の損傷の種類と
Q4_K_M,kensg-rebarexposureRb_031.png,6.920,0.00,254,この画像には、壁に描かれた鳥の絵があり、その下に「0.1m」という単位が書かれています。壁には、「0.3m」と「0.5m」という単位も書かれています。この壁には、鳥の絵の下に「0.1m」という単位が書
Q4_K_M,kensg-rebarexposureRb_032.png,4.324,5.00,131,この画像には、橋の損傷が見られます。損傷の種類は、裂け目、鉄筋の露出、腐食、剥がれ、部材の損失です。損傷の傷度は、軽度、中度、重度です。傷は、橋の上部にあり、その範囲は、約10メートルから約30メート
Q4_K_M,kensg-rebarexposureRb_033.png,4.960,5.00,147,この写真には、道路の上にある橋の構造物に対する損傷が観察されています。損傷の種類は、裂け目、鉄筋の露出、腐食、裂け落とし、部材の損失です。損傷の強度は、軽度、中度、重度で分類されます。損傷は、橋の上部
Q4_K_M,kensg-rebarexposureRb_034.png,6.905,0.00,242,この画像には、斜面に対して傾いた横材があり、その横材の上には、距離を示す横板が置かれています。横材の上には、「1」と「0.2」という数字が書かれており、横材の上には「0.2」と「0.4」という数字が書
Q4_K_M,kensg-rebarexposureRb_035.png,4.905,5.00,140,この画像には、壁に対して損傷があることが明らかです。壁に対して傷があることが明らかで、壁の傷の種類は、裂け目、鉄筋の露出、腐食、剥がれ、部材の損失です。壁の損傷の強度は、軽度、中度、重度です。壁に対し
Q4_K_M,kensg-rebarexposureRb_036.png,6.830,1.50,192,この画像には、壁の破損部分があり、その部分がコロッセウムにあることが分かります。破損部分は、壁の壁に対して破損しており、その破損部分は、壁の壁に対して破損しています。破損部分は、壁の壁に対して破損して
Q4_K_M,kensg-rebarexposureRb_037.png,3.450,5.00,100,この画像には、壁に対して傷があることがわかります。傷の種類は、裂け目、鉄筋の露出、腐食、剥がれ、部材の損失です。傷の重大度は、軽度、中度、重度です。傷の位置は、壁の上部にあり、広範囲にわたっています。
Q4_K_M,kensg-rebarexposureRb_038.png,5.091,5.00,159,この画像には、壁に取り付けられた紙に「1.0」という数字が書かれています。その紙は、壁の傷の状態を説明するために使用されています。壁の傷の種類には、裂け目、鉄筋の露出、腐食、破砕、部材の損失があります
Q4_K_M,kensg-rebarexposureRb_039.png,5.470,1.50,164,この画像には、壁に寄生した破損が観察されています。具体的には、壁の一部が剥がれ落ちており、石の一部が破損しています。この破損は、壁の強度が低下し、構造的な問題が生じていることを示しています。破損の幅は
Q4_K_M,kensg-rebarexposureRb_040.png,4.471,5.00,134,この画像には、壁に対して傷があることが分かります。傷の種類は、裂け目、鉄筋の露出、腐食、剥がれ、部材の損失です。傷の強度は、軽度、中度、重度で、壁の一部が壊れていることが明らかです。壁の傷の範囲は、壁
Q4_K_M,kensg-rebarexposureRb_041.png,4.997,4.00,147,この画像には、斜張りの構造物に対する損傷が見られます。損傷の種類は、破損、裂け目、腐食、剥がれ、部材の損失です。損傷の傷度は、軽度、中度、重度です。損傷は、支撐材の表面に限らず、斜張りの構造物全体に広
Q4_K_M,kensg-rebarexposureRb_042.png,4.685,4.00,136,この画像には、橋の壁に対して損傷があることが明らかです。損傷の種類は、裂け目、鉄筋の露出、腐食、剥がれ、部材の損失です。損傷の強度は、軽度、中度、重度の3段階で評価されます。損傷は、壁の一部に限定され
Q4_K_M,kensg-rebarexposureRb_043.png,6.185,3.00,202,この画像には、コンクリートの壁に対して、赤い線で描かれた様子があります。その線は、壁の一部が破損していることを示しています。壁の破損部分は、壁の厚さに対して比較的小さいですが、壁の構造に対して重大な影
Q4_K_M,kensg-rebarexposureRb_044.png,6.204,2.00,186,この画像には、壁に寄生した茎があり、その上には砂利が散らばっています。壁の下には、壁の崩壊によってできた破綻があり、その破綻の広範囲にわたっています。この破綻は、壁の強度を低下させ、壁の崩壊を引き起こ
Q4_K_M,kensg-rebarexposureRb_045.png,4.771,4.00,139,この画像には、壁に寄生虫のような傷があることがわかります。傷の種類は、裂縫、鉄筋の露出、腐食、落ち落ち、部材の損失です。傷の強度は、軽度、中度、重度のいずれかです。傷は壁の一部であり、広範囲にわたって
Q4_K_M,kensg-rebarexposureRb_046.png,6.878,1.00,280,この画像には、壁に掛けられた板に「10」と「41」という数字が書かれており、その下には「0」と「1」という数字が書かれています。また、その下には「10」と「41」の下に「0」と「1」の数字が書かれてい
Q4_K_M,kensg-rebarexposureRb_047.png,5.422,3.50,169,この画像には、吊り下げの下にあるコンクリートの壁に対して、損傷が見られます。損傷の種類は、破砕、腐食、裂け目、部材の損失です。損傷の強度は、軽度、中度、重度で、それぞれ、裂け目が見られる程度、腐食が進
Q4_K_M,kensg-rebarexposureRb_048.png,5.137,5.00,154,この画像には、壁に書かれた文字とともに、壁の破損が見られます。破損の種類は、裂け目、鉄筋の露出、腐食、剥がれ、部材の損失です。破損の重さは、軽度、中度、重度で分類されます。破損は、壁の右側に広がってお
Q4_K_M,kensg-rebarexposureRb_049.png,4.714,0.50,151,この画像には、橋の構造的ダメージが明らかになっています。具体的には、壁の崩落や壁の落差が見られます。これらの問題は、壁の強度が低下していることを示しており、修理が必要です。また、壁の表面には、落ちた石
Q4_K_M,kensg-rebarexposureRb_050.png,6.386,2.50,199,この画像には、壁の崩落や損傷が見られます。具体的には、壁の一部が崩れていること、損傷が進行していることが確認できます。この損傷は、壁の強度が低下していることを示しています。壁の損傷は、軽度から中度のも
Q4_K_M,kensg-rebarexposureRb_051.png,6.230,0.00,184,この画像には、壁に対して傾斜した石の孔があり、その孔の中には、砂や礫が散らばっています。この傾斜した石の孔は、壁の弱点を示しており、その弱点の修復が必要です。壁に対して傾斜した石の孔の傾斜角度は、30
Q4_K_M,kensg-rebarexposureRb_052.png,6.457,1.00,207,この画像には、構造的な損傷が見られます。具体的には、壁に対して割れ目があり、その割れ目は壁の傾斜によって引き起こされています。この割れ目は、壁の傾斜によって引き起こされたものであり、損傷の幅は約1.5
Q4_K_M,kensg-rebarexposureRb_053.png,3.989,3.00,119,この写真には、構造的な損傷が見られます。具体的には、壁に対して割れ目があり、その割れ目は構造的に重大な損傷です。また、壁に対して割れ目がある部分から、壁の厚さが減少していることが分かります。この損傷は
Q4_K_M,kensg-rebarexposureRb_054.png,4.291,3.00,139,この画像には、構造的ダメージが見られます。 具体的には、壁の一部が剥がれ落ちていることが確認できます。 このダメージは、壁の強度が低下していることを示しています。 このダメージは、軽度から中度のものと
Q4_K_M,kensg-rebarexposureRb_055.png,6.852,4.00,196,この画像には、壁に対して傷があることが分かります。壁に対して傷は、割れ目、鉄筋の露出、腐食、剥がれ、材料の損失のいずれかです。傷の傾向は、軽度、中度、重度で、それぞれ、傷の種類、傷の広範囲、損失の割合
Q4_K_M,kensg-rebarexposureRb_056.png,4.636,4.00,135,この画像には、道路の下にある構造物の損傷が見られます。損傷の種類は、裂け目、鉄筋の露出、腐食、剥がれ、部材の損失です。損傷の傷度は、軽度、中度、重度です。損傷は、道路の下にある壁に広がっており、その範
Q4_K_M,kensg-rebarexposureRb_057.png,6.891,1.00,216,この画像には、壁の崩落や壁の剥がれ、コロイド腐食、欠損部の存在など、様々な構造的損傷が認められます。壁には、赤いペイントが施されています。  壁の崩落や剥がれは、壁の強度が低下し、壁が崩れる可能性があ
Q4_K_M,kensg-rebarexposureRb_058.png,3.943,1.00,125,この画像には、壁に突き出した材料があり、その一部が腐敗していることが分かります。壁には、材料の腐敗が進んでいる痕跡があり、それが壁の強度を低下させていることが示唆されています。この状況は、壁の修理が必
Q4_K_M,kensg-rebarexposureRb_059.png,6.829,1.50,194,この画像には、壁の破損があることが分かります。壁には、破損の痕跡があり、その破損は、壁の強度を低下させています。破損の痕跡は、壁の底部にあり、壁の上部にもあります。破損の痕跡は、壁の底部にあり、壁の上
Q4_K_M,kensg-rebarexposureRb_060.png,6.854,0.00,214,この画像には、壁に沿って歩行者用の階段があり、その上には簡単な説明が書かれています。階段には、壁の下半分に対して約10cmの傾斜があり、その上には歩行者用の階段があります。壁の下半分には、約30cmの
Q4_K_M,kensg-rebarexposureRb_061.png,6.136,1.00,181,この画像には、壁に対して縦に書かれた数値があり、その下には壁の崩落が起こっていることが示されています。壁の崩落は、壁の構造に対する重大なダメージであり、壁の崩落の広範囲にわたっています。この壁の崩落は
Q4_K_M,kensg-rebarexposureRb_062.png,6.844,1.50,198,この画像には、壁の崩落や壁の裂け目、腐食、歪曲、部材の損失などの様々な構造的損傷が見られます。壁の崩落は、壁の裂け目が大きくなり、壁の構造が崩壊することを意味します。腐食は、壁の材料が腐食し、壁の構造
Q4_K_M,kensg-rebarexposureRb_063.png,5.039,4.00,148,この画像には、壁の損傷が観察されています。損傷の種類は、裂け目、鉄筋の露出、腐食、落朽、部材の損失です。損傷の傷度は、軽度、中度、重度で、それぞれ、裂け目がある程度、鉄筋が露出している程度、腐食が進ん
Q4_K_M,kensg-rebarexposureRb_064.png,5.828,1.00,176,この画像には、壁に対して垂直に落ちている破綻があります。破綻は、壁の幅に亙る長さを持っており、壁の傾斜に沿っています。この破綻は、壁の強度を低下させ、壁の安全性に悪影響を与える可能性があります。破綻の
Q4_K_M,kensg-rebarexposureRb_065.png,5.621,1.50,166,このイメージには、壁に対して損傷があります。壁の一部が崩れ、裏側に対して傷があります。壁の一部が剥がれ落ちていることが分かります。この損傷は、裏側に対する壁の崩れによって引き起こされました。損傷の幅は
Q4_K_M,kensg-rebarexposureRb_066.png,5.806,2.50,182,この画像には、壁に対して傾斜した段差があり、その段差には砂利が敷かれています。段差の上には、砂利の上に破綻した石が敷かれており、その石の一部には、腐敗した材料が混ざっています。この状況は、壁の構造に対
Q4_K_M,kensg-rebarexposureRb_067.png,6.859,4.00,196,この写真には、壁に対して横から掛けられた紙の標識があります。その標識には、数字や文字が書かれており、壁に対して掛けられています。標識の下には、壁に対して掛けられた棒があり、その棒の下には、壁から剥がれ
Q4_K_M,kensg-rebarexposureRb_068.png,4.810,5.00,148,この画像には、道路の壁にある損傷が含まれています。損傷の種類は、裂け目、鉄筋の露出、腐食、剥がれ、部材の損失です。損傷の強度は、軽度、中度、重度で表現されています。損傷の位置は、壁の上部にあり、広範囲
Q4_K_M,kensg-rebarexposureRb_069.png,6.125,3.50,196,この画像には、コンクリート製の橋の壁に対して、数学的な記号が描かれています。これらの記号は、数学的な問題を解決するために使用されています。壁には、腐食や裂け目のような損傷が見られます。これらの損傷は、
Q4_K_M,kensg-rebarexposureRb_070.png,4.841,0.50,152,この画像には、壁に搭載された冷却材料の割れ目があり、その割れ目が壁の弱点となっていることが分かります。割れ目の幅は約20センチで、壁の厚さに対して比較的小さいため、壁の弱点となっています。この割れ目が
Q4_K_M,kensg-rebarexposureRb_071.png,5.429,2.50,153,この画像には、橋の下にある歩道の傾斜面に対して、傾斜面の一部が崩落している損傷が見られます。この損傷は、傾斜面の壁に対する圧力の増加によって引き起こされました。傾斜面の壁には、損傷の範囲は、傾斜面の半
Q4_K_M,kensg-rebarexposureRb_072.png,5.075,5.00,163,この画像には、壁に対して傷があることが分かります。傷の種類は、裂け目、鉄筋の露出、腐食、剥がれ、部材の損失です。傷の強度は、軽度、中度、重度です。傷の位置は、壁の上部で、広範囲にわたっています。この壁
Q4_K_M,kensg-rebarexposureRb_073.png,4.363,5.00,130,この画像には、架橋の損傷が見られます。  * 損傷の種類：割れ目、鉄筋の露出、腐食、剥がれ、部材の損失 * 損傷の重大度：軽度、中度、重度 * 損傷の位置と広がり：上部、中部、下部  具体的な説明を避
Q4_K_M,kensg-rebarexposureRb_074.png,4.284,4.00,127,この画像には、壁の損傷が見られます。損傷の種類は、裂け目、鉄筋の露出、腐食、剥がれ、部材の損失です。損傷の強度は、軽度、中度、重度です。損傷は、壁の一部から広がっており、壁全体にわたって見られます。こ
Q4_K_M,kensg-rebarexposureRb_075.png,6.711,3.00,201,この画像には、床に赤い線が描かれており、その上に数字が書かれています。これらの数字は、床の損傷の詳細を示しており、床の損傷の種類は、剥がれ、腐食、落敗、部材の損失です。剥がれは、床の表面に広範囲にわた
Q4_K_M,kensg-rebarexposureRb_076.png,6.859,0.00,230,この画像には、壁の下にあるコンクリートの壁に対して、壁の下にあるコンクリートの壁に対して、壁の下にあるコンクリートの壁に対して、壁の下にあるコンクリートの壁に対して、壁の下にあるコンクリートの壁に対し
Q4_K_M,kensg-rebarexposureRb_077.png,4.769,3.00,138,この画像には、壁に対して横から観察した破損の状況が示されています。壁には、縦方向に傷があり、その傷は約10cmの幅を持っています。傷の深さは、約5cmで、壁の損傷の範囲は約20cmです。この破損は、壁
Q4_K_M,kensg-rebarexposureRb_078.png,4.427,5.00,134,この画像には、コンクリートの壁に対して傷があることが分かります。傷の種類は、裂け目、鉄筋の露出、腐食、剥がれ、部材の損失です。傷の重大度は、軽度、中度、重度です。傷の位置は、壁の上部にあり、広範囲にわ
Q4_K_M,kensg-rebarexposureRb_079.png,4.809,5.00,144,この画像には、壁に損傷があることが分かります。損傷の種類は、裂け目、鋼管の露出、腐食、剥がれ、部材の損失です。損傷の重度は、軽度、中度、重度となります。損傷の位置は、壁の下部にあり、広範囲にわたってい
Q4_K_M,kensg-rebarexposureRb_080.png,5.249,3.50,163,この画像には、壁の傷があることが分かります。壁には、破損した部分があり、これは壁の強度に欠けがあることを示しています。壁の傷は、壁の構造に悪影響を与え、長期的には壁の強度が低下する可能性があります。壁
Q4_K_M,kensg-rebarexposureRb_081.png,6.397,2.50,192,この画像には、橋の構造的損傷が見られます。具体的には、壁に対して落ちた石や破砕したコンクリートが広範囲にわたって散らばっています。この損傷は、複数の損傷の種類を含んでおり、壁に対する落下物や破砕したコ
Q4_K_M,kensg-rebarexposureRb_082.png,5.400,3.50,173,この画像には、壁に対して損傷があることが明らかです。壁の一部が剥がれ落ちていることが認められ、この損傷は重度であり、壁の強度が低下していることが示唆されています。損傷の範囲は、壁の上部から中部にかけて
Q4_K_M,kensg-rebarexposureRb_083.png,6.852,0.00,236,この画像には、石造りの歩道の下にある巨大な石壁に、10番目のポールがあります。石壁の下には、汚染された水が流れており、石壁の下には、石壁の中に穴があります。石壁には、歩道の下にある石壁の下にある穴に向
Q4_K_M,kensg-rebarexposureRb_084.png,6.876,0.00,206,この画像には、コンクリートの橋の下にある壁に対して、壁の下にある壁に対して、壁の下にある壁に対して、壁の下にある壁に対して、壁の下にある壁に対して、壁の下にある壁に対して、壁の下にある壁に対して、壁の
Q4_K_M,kensg-rebarexposureRb_085.png,6.357,3.50,209,この画像には、道路の下にあるコンクリート製の構造物に対して、損傷が認められています。具体的には、コンクリートの一部が剥がれており、裏側に弱い状態にあります。この損傷は、重度であり、構造物の強度に対して
Q4_K_M,kensg-rebarexposureRb_086.png,5.621,1.50,184,この画像には、壁に対して傷があり、その傷が破綻していることが分かります。壁には、「4000+2000」という数字が書かれています。壁の下には、「2000」という数字が書かれています。この壁には、傷があ
Q4_K_M,kensg-rebarexposureRb_087.png,3.861,2.50,113,この画像には、壁に対して傾斜した石の破損があり、その破損によって石の一部が落ちています。この破損は、軽度から中度の傾斜によるものであり、壁の一部に広がっています。この破損は、壁の構造に対して重大な影響
Q4_K_M,kensg-rebarexposureRb_088.png,6.930,0.00,256,この画像には、道路の下にある壁に対して、測量用の枠が取り付けられています。その枠には、異なる言語で書かれた情報が掲示されており、その中には「1400」という数字が含まれています。  壁の下には、道路の
Q4_K_M,kensg-rebarexposureRb_089.png,4.414,5.00,133,この画像には、壁に横からの傷があることが分かります。傷の種類は、裂け目、鉄筋の露出、腐食、剥がれ、部材の損失です。傷の強度は、軽度、中度、重度で、壁の一部が損失していることが分かります。壁の傷は、壁の
Q4_K_M,kensg-rebarexposureRb_090.png,5.874,4.00,164,この画像では、壁の下にある階段の壁に対して、携帯電話で撮影された写真が採用されています。壁には、幅広い破損が見られます。破損の種類は、割れ目、鉄筋の露出、腐食、剥がれ、部材の損失です。破損の強度は、軽
Q4_K_M,kensg-rebarexposureRb_091.png,4.812,5.00,151,この画像には、壁に対して傷があることが分かります。傷の種類は、裂け目、鋼管の露出、腐食、剥がれ、セクションの損失です。傷の優先順位は、軽度、中度、重度です。傷の場所と広がりは、壁の下部から上部にかけて
Q4_K_M,kensg-rebarexposureRb_092.png,4.817,4.00,142,この画像には、壁に対して傷があることが分かります。傷の種類は、破損部分の損失、コロナ損失、腐食、落葉、および壁の損失です。傷の傾向は、軽度、中度、および重度です。傷の範囲は、壁の上部から中央部にかけて
Q4_K_M,kensg-rebarexposureRb_093.png,4.057,4.00,132,この画像には、橋の下にある壁の一部が剥がれ、腐食していることがわかります。壁の下には、破損した部分があり、その部分が剥がれていることが分かります。この破損は、腐食によるものであり、その剥がれた部分が広
Q4_K_M,kensg-rebarexposureRb_094.png,4.867,1.00,159,この画像には、壁に掛かった白板に「0.1」と「0.3」という数字が書かれています。この数字は、壁の傾斜や歪みの程度を示しているようです。壁には、複数の穴があり、そのうちの一つには、窓があります。この窓
Q4_K_M,kensg-rebarexposureRb_095.png,5.558,5.00,169,この画像には、壁に対して傾斜した部分があり、その部分には破損した構造材料があります。この破損は、壁の傾斜部分に対して、複数の縫合線（rebar）が折れ、表面に露出しています。この破損は、軽度から中度の
Q4_K_M,kensg-rebarexposureRb_096.png,4.346,4.00,129,この画像には、壁に対して傷があることが分かります。傷の種類は、腐食、裂け目、腐敗、摘出された部分です。傷の強度は、軽度、中度、重度です。傷は、壁の一部分に限定されており、広範囲にわたっていません。この
Q4_K_M,kensg-rebarexposureRb_097.png,5.812,4.00,165,この画像には、壁に対して傾斜した構造物があり、その構造物には破損があります。破損の種類は、裂け目、鉄筋の露出、腐食、落滅、部材の損失です。破損の強度は、軽度、中度、重度の3段階で評価されます。破損は、
Q4_K_M,kensg-rebarexposureRb_098.png,7.021,1.50,229,このイメージには、壁に沿って縦に描かれた赤い線があり、その線の上には10000000という数字が書かれています。また、壁には「1」と「0」という数字が書かれています。これらの数字は、構造物の検査におい
Q4_K_M,kensg-rebarexposureRb_099.png,6.976,0.00,272,この画像には、壁に対して垂直された板があり、その板には「100」と「1」という数字が書かれています。その板の下には、「100」と「1」の数字が書かれています。板には、「100」と「1」の数字が書かれて
Q4_K_M,kensg-rebarexposureRb_100.png,3.762,3.00,111,この画像には、壁に刻まれた数字があり、その数字によると、壁の損傷は「1100×400」というものです。損傷の種類は「裂け目」で、傷の広さは「軽度」です。この損傷は、壁の一部が脱落したようで、壁の崩壊が
Q4_K_M,kensg-rebarexposureRb_101.png,3.907,0.00,143,この画像には、壁に描かれた数字があり、その下には紙が置かれています。紙には、「1」から「10」までの数字が書かれています。壁には、「1」から「10」までの数字が書かれており、その下には紙が置かれていま
Q4_K_M,kensg-rebarexposureRb_102.png,4.165,4.00,117,この画像には、壁の損傷があります。損傷の種類は、裂け目、鉄筋の露出、腐食、剥がれ、部材の損失です。損傷の強度は、軽度、中度、重度です。損傷は、壁の一部であり、広範囲にわたっています。この壁は、石ででき
Q4_K_M,kensg-rebarexposureRb_103.png,6.808,2.00,220,この画像には、壁の一部が崩れたり、腐食したりしていることがわかります。壁の一部が崩れたり、腐食したりしていることは、壁の構造に悪影響を与え、長期的には壁の強度が低下する可能性があります。この状況は、修
Q4_K_M,kensg-rebarexposureRb_104.png,4.850,3.50,155,この画像には、壁の破綻や損傷が観察されています。壁の一部が崩れ、石が出ていることが明らかです。この損傷は、裂紋（spalling）と呼ばれ、比較的重度の損傷です。壁の一部が失われており、壁の強度が低下
Q4_K_M,kensg-rebarexposureRb_105.png,4.138,5.00,125,この画像には、壁に対して傷があることが明らかです。傷の種類は、裂け目、鉄筋の露出、腐食、剥がれ、部材の損失です。傷の強度は、軽度、中度、重度で、壁の一部が損失していることがわかります。壁はコンクリート
Q4_K_M,kensg-rebarexposureRb_106.png,3.957,5.00,109,この画像には、壁の下にある壁の傷があります。傷の種類は、裂け目、鉄筋の露出、腐食、剥がれ、材料の損失です。傷の強度は、軽度、中度、重度です。傷の位置は、壁の下にあり、広範囲に及びます。壁の損傷は、補修
Q4_K_M,kensg-rebarexposureRb_107.png,6.946,2.50,214,この画像には、壁の下にある汚れた穴に入り込んでいる動物がいます。穴の中には、汚れた石や砂が散らばっています。この穴は、壁の下にある石の縁によって形成されています。穴の中には、複数の汚れた石があり、その
Q4_K_M,kensg-rebarexposureRb_108.png,6.902,2.50,210,この画像には、壁に固定されたチャートによって、壁の壁に傷があることが示されています。壁の壁には、裂け目、鋼管の露出、腐食、剥がれ、部材の損失があります。壁の壁には、裂け目があり、その裂け目は、壁の壁に
Q4_K_M,kensg-rebarexposureRb_109.png,4.018,4.00,114,この画像には、壁の破損が確認できます。壁には、裂け目、鉄筋の露出、腐食、破砕、部材の損失などの損傷が見られます。壁の損傷の程度は、軽度から中度にかけて、広範囲にわたっています。この壁には、日本語で記述
Q4_K_M,kensg-rebarexposureRb_110.png,5.733,3.00,165,この画像には、壁の裏側にある壁の損傷が見られます。損傷の種類は、裂け目、鉄筋の露出、腐食、剥がれ、部材の損失です。損傷の優先順位は、裂け目が最も重大であり、その他の損傷はそれに続いています。損傷の広範
Q4_K_M,kensg-rebarexposureRb_111.png,4.702,2.50,153,この画像には、壁に掛かる石の一部が剥がれていることが分かります。この剥がれた石は、壁の下にあり、壁の傷が見られます。壁の傷の種類は、裂け目であり、傷の深さは軽度です。この壁には、他にも裂け目があるよう
Q4_K_M,kensg-rebarexposureRb_112.png,6.200,4.00,185,この画像には、橋の構造物に対して複数の損傷が認められています。 その損傷の種類には、裂け目、鉄筋の露出、腐食、落盤、部材の損失が含まれています。 損傷の強度は、軽度、中度、重度の3段階で評価されており
Q4_K_M,kensg-rebarexposureRb_113.png,4.859,3.50,145,この画像には、構造的な損傷が確認されています。具体的には、歪曲があるために、構造的な損傷があります。損傷の傾斜は、軽度から中度のレベルです。損傷の範囲は、上部の壁に限定されており、その部分にのみ影響が
Q4_K_M,kensg-rebarexposureRb_114.png,6.941,3.50,232,この画像には、コンクリートの構造物に対して複数の損傷が認められています。主な損傷は、腐食による腐敗と、裂け目の発生です。腐敗は、コンクリートの表面に沿って進行し、裂け目が形成されるとともに、構造物の強
Q4_K_M,kensg-rebarexposureRb_115.png,3.422,3.00,99,この画像には、壁の傷が見られます。壁の一部が剥がれていることがわかります。壁の傷は、裂け目や腐食、落朽、部材の損失などが考えられます。壁の傷の具体的な位置や広さについては、より詳細な情報が必要です。
Q4_K_M,kensg-rebarexposureRb_116.png,5.969,1.00,222,この画像には、施錠された橋の下にある壁に掛けられた証明書があります。その証明書には、「1-0」という数字が記載されており、その数字が表すところが「1」から「10」までの間隔であることが分かります。  
Q4_K_M,kensg-rebarexposureRb_117.png,5.274,3.50,158,この画像には、壁に対して携帯された板に「1-01」と「1-02」という数字が書かれています。その板は、壁の崩落による損傷を示しています。壁には、壁の崩落が起こったことが明らかであり、壁の崩落により、壁
Q4_K_M,kensg-rebarexposureRb_118.png,3.554,3.00,100,この画像には、壁の傷があり、その傷の一部は、砂利が敷かれています。傷の種類は、裂け目であり、傷の強度は、軽度です。傷は、壁の一部に限定され、広範囲にわたっていません。この壁は、構造的に損傷しています。
Q4_K_M,kensg-rebarexposureRb_119.png,6.893,2.50,206,この画像には、壁に対して垂れ下がった白い板があり、その板には数字が書かれています。壁には、壁の裏側から垂れ下がった砂利が散らばっており、その砂利の一部が壁に対して垂れ下がっています。この状況は、壁の損
Q4_K_M,kensg-rebarexposureRb_120.png,3.611,3.50,117,この画像には、構造的ダメージが見られます。具体的には、壁に対して歪曲があり、その部分には破損が生じています。このダメージは、軽度から中度のもので、壁の一部を失っています。この構造的ダメージは、壁の構造
Q4_K_M,kensg-rebarexposureRb_121.png,4.618,4.00,136,この画像には、構造的な損傷が見られます。損傷の種類は、裂け目、鉄筋の露出、腐食、剥がれ、部材の損失です。損傷の強度は、軽度、中度、重度の3段階で評価されます。損傷は、壁の一部に限定されており、その広が
Q4_K_M,kensg-rebarexposureRb_122.png,4.465,4.00,136,この写真には、橋の構造物に対する損傷が見られます。具体的には、縁石の一部が腐食していることが確認できます。この損傷は、腐食によって引き起こされており、構造物の強度に悪影響を与えています。損傷の広範囲に
Q4_K_M,kensg-rebarexposureRb_123.png,5.543,3.00,161,この画像には、レコードのような形状の壁に対して、破損が認められています。破損の種類は、裂け目、鉄筋の露出、腐食、剥がれ、部材の損失です。破損の強度は、軽度、中度、重度の3段階で評価されています。破損は
Q4_K_M,kensg-rebarexposureRb_124.png,6.896,5.00,218,この写真には、壁に描かれた線で構成された図があり、その図には橋が描かれています。図には、橋の下に描かれた線があり、その線が壁に刻まれています。壁の一部には、線の中に数字が書かれています。この図には、壁
Q4_K_M,kensg-rebarexposureRb_125.png,4.180,5.00,120,この画像には、壁に対して破損があることが明らかです。破損の種類は、裂け目、鉄筋の露出、腐食、剥がれ、部材の損失です。破損の重さは、軽度、中度、重度の3段階で評価されます。破損は壁の下部に集中しており、
Q4_K_M,kensg-rebarexposureRb_126.png,6.642,4.00,197,この画像には、壁の下にある構造物に対して、様々な損傷が認められています。その損傷の種類には、裂け目、鉄筋の露出、腐食、剥がれ、部材の損失が含まれます。損傷の強度は、軽度、中度、重度の3段階で評価されて
Q4_K_M,kensg-rebarexposureRb_127.png,6.975,1.50,214,この写真には、橋の構造物に対する損傷が見られます。具体的には、裏側に対して剥がれた鉄材があり、その一部が落下しています。この損傷は、裏側の鉄材が剥がれたことによって引き起こされ、その一部が落下したこと
Q4_K_M,kensg-rebarexposureRb_128.png,4.573,2.50,157,この画像には、アーチの下にある木の枯れが見えます。枯れた木の部分は、アーチの下に沈んでいます。この損傷は、木の老化や枯渇によるものであると考えられます。損傷の傾向は、軽度であり、アーチの下に沈んでいる
Q4_K_M,kensg-rebarexposureRb_129.png,6.992,0.50,244,この画像には、アーチの下に沈んでいる鋼管があります。この鋼管は、アーチの支柱として使用されており、アーチの強度を維持するために必要です。しかしながら、この鋼管は腐食しており、その結果、アーチの強度が低
Q4_K_M,kensg-rebarexposureRb_130.png,4.966,5.00,145,この画像には、壁の下にある壁の損傷が見られます。損傷の種類は、裂け目、鉄筋の露出、腐食、剥がれ、部材の損失です。損傷の強度は、軽度、中度、重度の3段階で評価されます。損傷は、壁の下部に集中しており、広
Q4_K_M,kensg-rebarexposureRb_131.png,4.286,2.50,117,この画像には、壁の破損が見られます。壁の一部が剥がれており、壁の延伸による破損が認められます。破損の範囲は、壁の中央から左側に広がり、壁の高さの約3分の1に及びます。破損の強度は、中程度であり、壁の剥
Q4_K_M,kensg-rebarexposureRb_132.png,4.898,1.50,154,この画像には、橋の構造的ダメージが見られます。具体的には、壁に対して数学的な記号が書かれており、その上に垂直に横断する線が描かれています。この線は、壁の損傷の範囲を示しており、その損傷は、壁の厚さに対
Q4_K_M,kensg-rebarexposureRb_133.png,6.948,2.00,203,この画像には、壁に寝かせた数値が書かれています。壁には、裂け目、補強材料の露出、腐食、剥がれ、部材の損失などの損傷が見られます。裂け目は、壁の強度を低下させ、壁を弱める可能性があります。補強材料の露出
Q4_K_M,kensg-rebarexposureRb_134.png,4.550,1.50,149,この画像には、壁に描かれた数学的な記号があり、その中には1.230-0.250といった数値が含まれています。壁の一部が剥がれ落ちていることが分かりますが、具体的な損傷の種類や強度はわかりません。ただし
Q4_K_M,kensg-rebarexposureRb_135.png,6.916,0.00,227,この画像には、構造的ダメージが見られます。具体的には、煙突の下にある壁に対して、複数の数学式が書かれています。これらの数学式は、壁の構造に対する検査を行っていることを示しています。  構造的ダメージに
Q4_K_M,kensg-rebarexposureRb_136.png,5.188,4.00,154,この画像には、壁の下にあるコンクリートの破損が見られます。破損の種類は、裂け目、鉄筋の露出、腐食、剥がれ、部材の損失です。破損の強度は、軽度、中度、重度の3段階で評価されます。破損は、壁の下に広範囲に
Q4_K_M,kensg-rebarexposureRb_137.png,4.157,5.00,120,この画像には、壁に対して傷があることが分かります。傷の種類は、裂け目、鉄筋の露出、腐食、剥がれ、部材の損失です。傷の傷度は、軽度、中度、重度です。傷の位置は、壁の上部で、広範囲にわたっています。壁の傷
Q4_K_M,kensg-rebarexposureRb_138.png,4.503,1.50,137,この画像には、構造的ダメージが見られます。具体的には、腐食が進んでいる裏側の板材があり、その表面には数字が書かれています。このダメージは、裏側の板材に対して腐食が進んでおり、その範囲は広範囲にわたって
Q4_K_M,kensg-rebarexposureRb_139.png,4.692,5.00,142,この写真には、アーチの下にある歩幅の損傷があります。損傷の種類は、裂け目、鉄筋の露出、腐食、剥がれ、セクションの損失です。損傷の重大度は、軽度、中度、重度です。損傷は、アーチの下部にあり、その範囲は、
Q4_K_M,kensg-rebarexposureRb_140.png,6.928,3.00,218,この画像には、壁の損傷が複数観察されます。壁の一部が剥がれたり、腐食が進んでいることが明らかです。これらの損傷は、壁の強度を低下させ、長期的な腐食を引き起こす可能性があります。  壁の損傷は、剥がれた
Q4_K_M,kensg-rebarexposureRb_141.png,4.783,2.50,156,この写真には、コンクリート製のアーチに対して、壁に掛けられた紙には、「5.2.1 壁面の剥がれ」と書かれています。この写真には、壁面の剥がれが見られます。剥がれは、壁の構造に悪影響を与える可能性があり
Q4_K_M,kensg-rebarexposureRb_142.png,4.840,3.00,145,この画像には、壁の下にあるコンクリートの壁に対して、傷があることが分かります。傷の種類は、腐食、脱落、裂け目、裂け落ち、部材の損失です。傷の強度は、軽度、中度、重度です。傷は、壁の下にあるコンクリート
Q4_K_M,kensg-rebarexposureRb_143.png,4.943,2.50,163,この画像には、壁の下にある崩れた壁の部分があります。この壁は、コンクリートで作られています。壁の下には、破砕した石が散らばっており、その中には血液が混じっています。この壁には、重度の損傷があり、その部
Q4_K_M,kensg-rebarexposureRb_144.png,4.988,4.00,143,この画像には、構造的な損傷が見られます。損傷の種類は、裂け目、鉄筋の露出、腐食、剥がれ、部材の損失です。損傷の重大度は、軽度、中度、重度です。損傷は、裂け目が広範囲にわたっていることがわかります。この
Q4_K_M,kensg-rebarexposureRb_145.png,6.900,0.50,190,この画像には、壁に対して搭載された翻訳された紙には、「3-20」という数字が書かれています。この数字は、壁の損傷の優先順位に関連しているかもしれません。  壁には、2つの壁に対して搭載された壁に対して
Q4_K_M,kensg-rebarexposureRb_146.png,5.383,1.50,166,この画像には、構造的ダメージが認められます。具体的には、施錠の穴に落ちた石が、梁の下にある穴に落ちています。このダメージは、落石による損傷として認識されます。ダメージの傷度は、軽度であり、構造的には、
Q4_K_M,kensg-rebarexposureRb_147.png,4.569,2.50,135,この画像には、施錠された構造物の裏側にある、暗い場所に沿って、壁に対して横向きに配置された鋼管があります。この鋼管は、破損したり、腐食したり、裂けたり、腐食したり、裂けたりしていることが分かります。こ
Q4_K_M,kensg-rebarexposureRb_148.png,4.423,4.00,131,この画像には、構造的な損傷が観察されています。損傷の種類は、裂け目、鉄筋の露出、腐食、剥がれ、部材の損失です。損傷の重大度は、軽度、中度、重度のいずれかです。損傷は、壁の上にあり、壁の一部が失われてい
Q4_K_M,kensg-rebarexposureRb_149.png,5.267,3.50,164,この画像には、構造的な損傷が見られます。具体的には、壁の一部に傷があり、その傷は剥がれたコンクリートの破片からなっています。この損傷は、軽度から中度のもので、壁の一部が損傷しています。損傷は、壁の上部
Q4_K_M,kensg-rebarexposureRb_150.png,4.816,1.50,162,この画像には、橋の構造的ダメージが見られます。具体的には、構造材料の腐敗が悪化しており、鋼管が露出していることが認められます。このダメージは、軽度から中度のものと考えられます。また、このダメージは、橋
Q4_K_M,kensg-rebarexposureRb_151.png,6.911,2.00,210,このイメージには、構造的な損傷が見られます。この損傷は、歪み、鉄筋の露出、腐食、剥がれ、部材の損失などで構成されています。  歪みは、構造物の強度を低下させ、危険な状態にする可能性があります。鉄筋の露
Q4_K_M,kensg-rebarexposureRb_152.png,7.393,1.50,208,この写真には、壁に対して寄せられた損傷が見られます。具体的には、壁の一部が剥がれ落ちていることが確認できます。この損傷は、壁の強度に対する負担が大きく、壁の強度が低いことが原因と考えられます。この損傷
Q4_K_M,kensg-rebarexposureRb_153.png,4.564,5.00,131,この画像には、壁に書かれた数学の式とともに、壁の損傷が見られます。損傷の種類は、裂け目、鉄筋の露出、腐食、剥がれ、部材の損失です。損傷の傷度は、軽度、中度、重度で、それぞれの場所と広範囲で見られます。
Q4_K_M,kensg-rebarexposureRb_154.png,6.557,2.50,219,この画像には、壁に対して横向きに沿って垂直に配置された鋼管があり、その中には「1982」という数字が刻まれています。また、鋼管の一部には「1982」という数字が書かれており、その数字には「300」とい
Q4_K_M,kensg-rebarexposureRb_155.png,4.878,4.00,138,この画像には、橋の構造的損傷が見られます。損傷の種類は、裂け目、鉄筋の露出、腐食、剥がれ、部材の損失です。損傷の重大度は、軽度、中度、重度です。損傷は、壁の一部に限定されており、広範囲に及びません。こ
Q4_K_M,kensg-rebarexposureRb_156.png,7.078,3.00,220,この画像には、壁に書かれた数値があり、その壁には腐食した青色の管が取り付けられています。管の一部は壁に突き出しており、その一部は壁に埋まっています。壁には、腐食した管の部分が見られ、それが壁の損傷の一
Q4_K_M,kensg-rebarexposureRb_157.png,4.020,3.50,123,この写真には、アーチの上に巨大な墨書きがあり、その上には汚れがあります。アーチの上部には、壁の破損があり、その破損は、墨書きの上にある破損と同じく、軽度から中度の破損です。破損の範囲は、アーチの上部に
Q4_K_M,kensg-rebarexposureRb_158.png,4.848,3.50,145,この画像には、道路の支柱に対して損傷があることが分かります。 その損傷は、腐食、裂け目、および損傷の拡大が含まれています。 この損傷は、支柱の一部の損失によって引き起こされており、その部分の損失の幅は
Q4_K_M,kensg-rebarexposureRb_159.png,6.395,2.50,185,この画像には、構造的損傷が見られます。具体的には、壁に描かれた数字によって、壁の厚さが減少していることが分かります。損傷の種類は、壁の厚さが減少していることから、壁の厚さが減少している損傷と考えられま
Q4_K_M,kensg-rebarexposureRb_160.png,4.743,2.00,149,この画像には、損傷した橋の部分があります。 この損傷は、腐食や腐食の進行によって引き起こされました。 腐食による損傷は、構造的に重大であり、構造的な損失を引き起こしています。 この損失は、強度の低下や
Q4_K_M,kensg-rebarexposureRb_161.png,5.612,4.00,164,この画像には、壁の傷があり、その傷が破綻していることが分かります。壁の傷は、裂け目、鉄筋の露出、腐食、剥がれ、部材の損失などの種類があります。傷の優先順位は、裂け目、腐食、剥がれ、部材の損失の順になり
Q4_K_M,kensg-rebarexposureRb_162.png,4.579,1.00,141,この画像には、構造的ダメージが見られます。具体的には、鋼管の一部が欠けていることが観察できます。この欠損は、鋼管の強度を低下させ、長期的には建物の安全性に悪影響を及ぼす可能性があります。欠損の広範囲は
Q4_K_M,kensg-rebarexposureRb_163.png,4.565,4.50,132,この画像には、壁に対して傷があることが分かります。傷の種類は、腐食、鋼材の露出、裂け目、部材の損失です。傷の強度は、軽度、中度、重度です。傷の位置は、壁の上部、中部、下部にあり、広範囲にわたっています
Q4_K_M,kensg-rebarexposureRb_164.png,5.159,3.00,161,この画像には、構造的ダメージが見られます。具体的には、壁に対して横方向に裂け目があり、その裂け目が壁の表面に広がっています。また、壁の一部が剥がれ落ちていることも確認できます。このダメージは、裂け目の
Q4_K_M,kensg-rebarexposureRb_165.png,3.550,0.50,99,この写真には、橋の構造物における損傷が見られます。具体的には、壁の腐敗、裏側の損傷、および構造物の損失が認められます。これらの損傷は、橋の安全性に対する懸念を引き起こしており、修理が必要となります。
Q4_K_M,kensg-rebarexposureRb_166.png,6.278,3.00,200,この画像には、コンクリートの壁に対して、複数の割れ目が見られます。割れ目の幅は、概ね10cmから20cmの範囲であり、壁の表面に対して深く入り込んでいます。これらの割れ目は、壁の構造に対して著しい損傷
Q4_K_M,kensg-rebarexposureRb_167.png,7.088,1.00,200,このイメージには、壁の下にある破綻した床があります。床の破綻は、壁の下にある破綻した床の一部で、壁の下にある破綻した床の一部であり、壁の下にある破綻した床の一部です。床の破綻は、壁の下にある破綻した床
Q4_K_M,kensg-rebarexposureRb_168.png,3.854,4.00,109,この画像には、壁に対して傷があることが分かります。傷の種類は、裂け目、鉄筋の露出、腐食、剥がれ、部材の損失です。傷の傾向は、軽度、中度、重度で、傷の広範囲であることがわかります。この壁には、大きな石が
Q4_K_M,kensg-rebarexposureRb_169.png,4.288,5.00,117,この画像には、壁に対して書かれた文章とともに、壁の損傷があります。損傷の種類は、裂け目、鉄筋の露出、腐食、落敗、部材の損失です。損傷の強度は、軽度、中度、重度で分類されます。損傷の位置は、壁の上部と下
Q4_K_M,kensg-rebarexposureRb_170.png,5.164,5.00,143,この画像には、壁の破損が見られます。破損の種類は、裂け目、鉄筋の露出、腐食、剥がれ、部材の損失です。破損の強度は、軽度、中度、重度の3段階で評価されます。破損は、壁の一部に限られ、その範囲は、壁の上部
Q4_K_M,kensg-rebarexposureRb_171.png,5.291,5.00,145,この画像には、架構物の損傷が観察されています。損傷の種類は、裂け目、鉄筋の露出、腐食、剥がれ、部材の損失です。損傷の重さは、軽度、中度、重度で評価されます。損傷は、架構物の上部に集中しており、その範囲
Q4_K_M,kensg-rebarexposureRb_172.png,5.223,3.50,155,この画像には、壁に寝かせた数字が書かれており、その数字が壁の破損部分に沿っています。破損部分は、コロナ細胞に似た形状をしており、壁の崩壊によって引き起こされています。この破損部分は、壁の広範囲にわたっ
Q4_K_M,kensg-rebarexposureRb_173.png,4.475,1.00,130,この画像には、橋の構造物に対する損傷が見られます。具体的には、壁に対する損傷があり、裂け目が見られます。この裂け目は、壁の構造物に対する重大な損傷であり、壁の強度が低下していることを示しています。この
Q4_K_M,kensg-rebarexposureRb_174.png,4.408,3.00,134,この画像には、橋の構造に対する損傷が複数観察されています。 最も目立つ損傷は、磨き削れの箇所であり、この部分は弱くなっています。 また、一部の構造要素には、腐食が進んでいる痕跡があります。 これらの損
Q4_K_M,kensg-rebarexposureRb_175.png,4.705,4.50,133,この画像には、構造的な損傷が見られます。具体的には、壁に対して剥がれた鉄筋が認められており、その部分の壁に対して損傷があります。この損傷は「裂け目」と呼ばれ、その広範囲で深刻な損傷であると考えられます
Q4_K_M,kensg-rebarexposureRb_176.png,7.033,2.50,238,この画像には、壁に書かれた数学公式とともに、管の上に数字が書かれています。管は、壁に垂直に取り付けられており、壁の上に寝かせられています。壁には、数学公式とともに、管の上に数字が書かれています。この場
Q4_K_M,kensg-rebarexposureRb_177.png,5.346,5.00,152,この画像には、煉瓦製の構造物に対して、複数の破損が認められています。破損の種類は、裂け目、鉄筋の露出、腐食、剥がれ、部材の損失です。破損の強度は、軽度から中度にかけてで、構造物全体に広がっています。破
Q4_K_M,kensg-rebarexposureRb_178.png,4.181,2.00,140,この画像には、アーチの下にある壁に対して、複数の水管が取り付けられています。水管の一部は、破損しており、腐食が進んでいることが分かります。また、アーチには、壁の一部が剥がれ落ちている痕跡があります。こ
Q4_K_M,kensg-rebarexposureRb_179.png,7.095,3.00,225,この画像には、コンクリートの構造物に対して複数の損傷が認められます。これらの損傷には、裂け目、鉄筋の露出、腐食、斑点、および部材の損失が含まれます。  裂け目は、構造物の表面に広範囲にわたって存在し、
Q4_K_M,kensg-rebarexposureRb_180.png,4.564,4.00,123,この画像には、壁の破損が見られます。壁の一部が剥がれ、破損しています。破損の種類は、裂け目、鉄筋の露出、腐食、剥がれ、部材の損失です。破損の強度は、軽度、中度、重度の3段階で評価されます。破損は、壁の
Q4_K_M,kensg-rebarexposureRb_181.png,5.733,4.00,185,この画像には、コンクリートの壁に対して、複数の傷が見られます。その中には、裂け目（スプライル）や、鋼管の露出（レバーエクスポジション）、腐食（コロイド）、および損傷の一部の損失（セクションロス）が含ま
Q4_K_M,kensg-rebarexposureRb_182.png,7.031,1.50,224,この画像には、橋の構造物に対して複数の損傷が認められています。  1. 裂け目: 橋の支撑材において、裂け目が見つかりました。この裂け目は、支撑材の強度を低下させ、構造物の安定性に影響を与える可能性が
Q4_K_M,kensg-rebarexposureRb_183.png,4.526,4.00,129,この画像には、橋の下にある壁の損傷が見られます。損傷の種類は、裂け目、鉄筋の露出、腐食、剥がれ、部材の損失です。損傷の傷度は、軽度、中度、重度です。損傷は、壁の一部に限定されており、広範囲に及びません
Q4_K_M,kensg-rebarexposureRb_184.png,4.250,5.00,119,この画像には、壁の一部に傷があることが分かります。傷の種類は、裂け目、鉄筋の露出、腐食、剥がれ、部材の損失です。傷の強度は、軽度、中度、重度で分類されます。傷の位置は、壁の上部にあり、広範囲に及びます
Q4_K_M,kensg-rebarexposureRb_185.png,4.722,3.00,140,この画像には、構造的な損傷が見られます。具体的には、壁に対して裂け目があり、その裂け目の幅は約10cmです。また、壁の一部が剥がれ落ちており、その剥がれ落ちた部分の幅は約20cmです。これらの損傷は、
Q4_K_M,kensg-rebarexposureRb_186.png,7.008,0.00,294,この画像には、壁にペンで描かれた鳥のイラストがあり、その下には「オルカル」と書かれています。また、壁の下には、「30000000000000000000000000000000000000000000
Q4_K_M,kensg-rebarexposureRb_187.png,4.946,1.50,148,この画像には、橋の損傷が見られます。具体的には、壁に対して縦に傾いた傷があり、その傷の幅は約10cmです。この損傷は、壁の構造に対して重大な影響を与えています。また、この傷は、壁の強度を超えているため
Q4_K_M,kensg-rebarexposureRb_188.png,4.139,2.00,128,この画像には、壁に対して損傷があることがわかります。 壁の一部が剥がれ、または腐食されていることが考えられます。 この損傷は、壁の強度を低下させ、長期的には壁の崩壊につながる可能性があります。 この状
Q4_K_M,kensg-rebarexposureRb_189.png,6.930,4.00,198,この画像には、コンクリートの壁に対して、裏側から観察するために施された標識があります。その標識には、数値が記載されており、それらは壁の状態に関連しています。壁には、裏側から見ると隠された破損があり、そ
Q4_K_M,kensg-rebarexposureRb_190.png,6.942,1.00,212,この画像には、壁の壊れた部分があり、その壊れた部分には、落ちた椰子があります。壊れた部分の傷は、複数の縫合線で修復されています。壊れた部分の傷は、複数の縫合線で修復されています。壊れた部分の傷の傷は、
Q4_K_M,kensg-rebarexposureRb_191.png,4.411,5.00,123,このイメージには、壁の損傷が見られます。損傷の種類は、割れ目、鉄筋の露出、腐食、破破産、部材の損失です。損傷の強度は、軽度、中度、重度です。損傷は、壁の上部に集中しており、広範囲にわたっています。この
Q4_K_M,kensg-rebarexposureRb_192.png,6.932,4.00,234,この写真には、構造的ダメージが見られます。具体的には、破損部分の位置や破損の程度、およびその部分がどのように損傷しているかについて説明します。  破損部分は、壁の下にあり、壁の一部が失われていることが
Q4_K_M,kensg-rebarexposureRb_193.png,4.532,3.00,137,この画像には、壁に対して損傷があることが分かります。壁には、赤いペイントが施されており、その上には、数字や文字が書かれています。壁には、破綻、腐食、落朽、部材損失などの損傷が見られます。損傷の具体的な
Q4_K_M,kensg-rebarexposureRb_194.png,4.721,4.00,136,この画像には、施錠された壁に対して、破損した壁があります。壁の破損は、裂け目や破破した部分があり、その破損は軽度から中度のものです。破損部分の幅は、約1.5メートルで、壁全体の約10メートルの範囲内に
Q4_K_M,kensg-rebarexposureRb_195.png,6.957,0.50,282,この画像には、壁に刻まれた数字と、破損した構造物が確認できます。壁に刻まれた数字は、3、4、5、6、7、8、9、10、11、12、13、14、15、16、17、18、19、20、21、22、23、24
Q4_K_M,kensg-rebarexposureRb_196.png,6.072,3.00,188,この画像には、壁に対して半分の心臓が描かれており、その上には赤い線が描かれています。壁には、破損した箇所があり、その箇所はコロニアルコア（壁の割れ目）として認識できます。破損の強度は、軽度から中度にか
Q4_K_M,kensg-rebarexposureRb_197.png,4.236,5.00,125,この写真には、道路の下にあるアーチに対して、損傷が認められています。損傷の種類は、破損、腐食、裂け目、部材損失です。損傷の強度は、軽度から中度にかかわるものと思われます。損傷の範囲は、アーチの一部分に
Q4_K_M,kensg-rebarexposureRb_198.png,5.227,5.00,151,この画像には、壁に書かれた文字とともに、壁の破損が見られます。破損の種類は、裂け目、鉄筋の露出、腐食、剥がれ、部材の損失です。破損の強度は、軽度、中度、重度で分類されます。破損は、壁の一部分に限定され
Q4_K_M,kensg-rebarexposureRb_199.png,3.984,2.50,121,この画像には、壁の傷があり、その傷は割れ目であることが分かります。壁の傷の幅は約1メートルで、壁の傷の深さは約0.3メートルです。この壁の傷は、軽度の割れ目であると考えられます。壁の傷は、壁の上部にあ
Q4_K_M,kensg-rebarexposureRb_200.png,4.582,3.00,140,この画像には、壁や歩道に対して損傷があることが分かります。具体的には、壁に対して割れ目があり、歩道にも割れ目があることが確認できます。また、壁に対して割れ目がある場所には、歩道の上に石が散らばっている
Q4_K_M,kensg-rebarexposureRb_201.png,6.986,2.00,208,このイメージには、壁に対して垂直に向かって傾斜している箇所があります。この箇所は、壁の崩壊によって引き起こされたものであり、壁の強度が低下していることが示唆されています。この傾斜箇所は、壁の崩壊の一部
Q4_K_M,kensg-rebarexposureRb_202.png,4.989,5.00,146,この画像には、構造的な損傷があります。  * 損傷の種類： 破綻、鉄筋の露出、腐食、剥がれ、部材の損失 * 損傷の強度： 軽度、中度、重度 * 損傷の位置と広がり： 上部、中部、下部にわたり、その幅は
Q4_K_M,kensg-rebarexposureRb_203.png,4.340,4.00,125,この画像には、橋の構造物に対する損傷が見られます。具体的には、壁の割れ目、鉄筋の露出、腐食、剥がれ、部材の損失が確認できます。損傷の傾向は、軽度から中度にかけて、その広範囲にわたっています。これらの損
Q4_K_M,kensg-rebarexposureRb_204.png,4.092,4.00,121,この画像には、壁に対して傷があることが明らかです。壁の一部が剥がれ、壁に対して傷があることが分かります。傷の種類は、裂け目、鉄筋の露出、腐食、剥がれ、部材の損失です。傷の重大度は、軽度から中度にありま
Q4_K_M,kensg-rebarexposureRb_205.png,6.997,0.00,238,この写真には、道路の下にある構造物に対して、壁に書かれた数値と異なる数値があります。写真を拡大して観察すると、壁には「15.000x3000」という数値が書かれています。また、壁の上には「0.91」と
Q4_K_M,kensg-rebarexposureRb_206.png,6.976,1.00,223,この画像には、壁に刻まれた赤い数字と、壁の下にある歪んだ壁の裏側から見た斜めの道路に至る道路の一部が含まれています。壁の下にある道路は、破綻した壁の裏側から見ると、歪んでいることが分かります。この壁の
Q4_K_M,kensg-rebarexposureRb_207.png,5.181,3.50,145,この画像には、壁に対して傾斜した破損部分があり、その破損部分には破維が見られます。また、壁の一部には汚れがあり、その汚れには破維が含まれています。この破損部分は、壁の強度を低下させ、長期的には壁の崩壊
Q4_K_M,kensg-rebarexposureRb_208.png,6.710,4.00,182,この画像において、壁に対して傷があることが分かります。具体的には、壁の一部が破損しており、壁の表面に対して破損が見られます。この壁の傷は、裂け目や腐食、落滅、部材の損失などの様々な損傷が組み合わさって
Q4_K_M,kensg-rebarexposureRb_209.png,4.215,2.50,131,この画像には、壁に対して損傷があることが明らかです。壁の一部が剥がれていることが認められ、その部分は壁から取り除かれています。この損傷は、壁の強度を低下させ、長期的には壁の崩壊につながる可能性がありま
Q4_K_M,kensg-rebarexposureRb_210.png,5.094,4.00,156,この画像には、壁に対して破損があることが明らかです。壁には、赤いペイントで「10」と「0」という数字が書かれています。破損の種類は、裂け目、鉄筋の露出、腐食、剥がれ、部材の損失です。破損の重さは、軽度
Q4_K_M,kensg-rebarexposureRb_211.png,4.391,3.50,121,この画像には、壁に対して損傷があることが分かります。壁には、破損したり、腐食したり、損傷があります。損傷の種類は、腐食、破損、腐食、損傷で、壁の損傷の強度は、軽度、中度、重度です。損傷は、壁の一部を失
Q4_K_M,kensg-rebarexposureRb_212.png,4.274,5.00,116,この画像には、壁の損傷があります。損傷の種類は、裂け目、鉄筋の露出、腐食、剥がれ、部材の損失です。損傷の強度は、軽度、中度、重度です。損傷の位置は、壁の上部にあり、広範囲に及んでいます。この損傷は、建
Q4_K_M,kensg-rebarexposureRb_213.png,6.451,4.00,213,この画像には、壁に対して垂直に立つ綱があり、その上には赤い線が描かれています。この線は、壁の破損部分を示しています。壁の破損部分は、破維（spalling）と呼ばれ、壁の表面に寄生虫（insects）
Q4_K_M,kensg-rebarexposureRb_214.png,6.922,0.50,204,この画像には、壁の破損が確認できます。壁には、破損が見られ、これは壁の強度を減少させています。破損は、壁の構造に対する強度の減少を引き起こしており、これは壁の強度を減少させています。破損は、壁の構造に
Q4_K_M,kensg-rebarexposureRb_215.png,4.663,5.00,141,この画像には、壁の上に赤い線が描かれており、その上には数字と日付が書かれています。壁の下には、壁の損傷が明らかになっています。損傷の種類は、裂け目、鉄筋の露出、腐食、落敗、部材の損失です。損傷の強度は
Q4_K_M,kensg-rebarexposureRb_216.png,4.762,3.50,168,この画像には、道路の下にある壁の一部に対して、補修が必要であることが示されています。壁には、補修が必要な場所があり、それには、破損したコンクリートが見られます。破損した部分は、壁の下にあり、その破損は
Q4_K_M,kensg-rebarexposureRb_217.png,6.839,0.00,214,この画像には、壁に対して横から掛けられた測量器があり、その下には壁に対して横から掛けられた測量器があります。壁の上には、壁に対して横から掛けられた測量器があり、その下には、壁に対して横から掛けられた測
Q4_K_M,kensg-rebarexposureRb_218.png,4.637,4.00,134,この画像には、コンクリートの壁にある損傷が見られます。損傷の種類は、裂け目、鉄筋の露出、腐食、落石、部材の損失です。損傷の強度は、軽度、中度、重度の3段階で評価されます。損傷は、壁の一部であり、広範囲
Q4_K_M,kensg-rebarexposureRb_219.png,5.469,4.00,167,この画像には、道路の下にある構造物に対する損傷が含まれています。損傷の種類は、裂け目、鉄筋の露出、腐食、落敗、部材の損失です。損傷の強度は、軽度、中度、重度の3段階で評価されています。損傷は、壁の一部
Q4_K_M,kensg-rebarexposureRb_220.png,5.414,2.00,191,この画像には、コンクリートの壁に対して、数学的な記号が書かれています。記号は、2011年11月19日に書かれており、数学的な式を表しています。壁には、腐食や褪せが起こっており、それらの状況は、壁の強度
Q4_K_M,kensg-rebarexposureRb_221.png,5.004,2.00,150,この画像には、壁に対して縦に横乗せた材料が傷ついています。この傷は、壁の構造に対する劣化の痕跡であり、壁の強度が低下していることを示しています。傷の幅は、壁の幅の約25パーセントで、壁の半分以上の部分
Q4_K_M,kensg-rebarexposureRb_222.png,4.607,5.00,138,この画像には、壁に対して傷があることがわかります。傷の種類は、裂け目、鉄筋の露出、腐食、剥がれ、部材の損失です。傷の強度は、軽度、中度、重度で分類されます。傷の場所は、壁の上部にあり、広範囲にわたって
Q4_K_M,kensg-rebarexposureRb_223.png,5.460,3.50,160,この画像には、壁に寄生した落ちた石の状態が見られます。この石の落下は、壁の損傷を引き起こしています。損傷の種類は、落ちた石の衝撃による壁の脆弱性であり、損傷の強度は、軽度です。損傷の範囲は、壁の上部に
Q4_K_M,kensg-rebarexposureRb_224.png,6.510,3.50,214,この画像には、壁に対して傷があることが明らかです。具体的には、壁の一部が剥がれ落ちていることが確認できます。剥がれ落ちた部分は、壁の厚さを減らし、壁の強度を低下させる可能性があります。この壁には、補強
Q4_K_M,kensg-rebarexposureRb_225.png,6.839,3.00,220,この画像には、橋の構造的損傷が明らかになっています。具体的には、裂け目、鉄筋の露出、腐食、剥がれ、部材の損失が認められます。 裂け目は、壁の下にあり、約30センチの幅で、部材の損失が明らかです。 鉄筋
Q4_K_M,kensg-rebarexposureRb_226.png,4.115,4.00,119,この画像には、壁に対して傷があることが分かります。傷の種類は、裂け目、鉄筋の露出、腐食、剥がれ、部材の損失です。傷の強度は、軽度、中度、重度です。傷は壁の底部にあり、広範囲にわたっています。この壁には
Q4_K_M,kensg-rebarexposureRb_227.png,5.256,4.50,160,この画像において、壁には壊れた箇所があります。壊れた箇所は、壁の構造に悪影響を与える可能性があります。壊れた箇所の種類は、裂け目、鉄筋の露出、腐敗、剥がれ、部材の損失です。壊れた箇所の傷度は、軽度、中
Q4_K_M,kensg-rebarexposureRb_228.png,5.939,2.00,184,この画像には、壁に対して垂直に立つ3本の梁があり、そのうち1本が破損していることが分かります。損傷の種類は、梁の損傷で、壁に対して垂直に立つ3本の梁のうち1本が破損していることが分かります。損傷の強度
Q4_K_M,kensg-rebarexposureRb_229.png,6.909,3.50,198,この画像には、壁に対して半径約1.5メートルの傷があることが分かります。この傷は、壁の強度を減少させ、損傷の程度を軽度から中度に評価されます。傷の位置は、壁の中央にあり、壁の幅の約3分の1に及ぶ範囲で
Q4_K_M,kensg-rebarexposureRb_230.png,4.405,2.50,145,この画像には、壁の傷があることが分かります。壁には、縦に裂け目が入っていることがわかります。この裂け目は、壁の強度を減らし、壁の崩壊の危険性を高めています。裂け目の広さは、軽度から中度の傷です。この壁
Q4_K_M,kensg-rebarexposureRb_231.png,4.425,5.00,133,この画像には、壁に対して傾斜した構造物があり、その構造物には傷があります。傷の種類は、腐食、裂け目、損傷、破損で、傷の強度は、軽度、中度、重度です。傷の位置は、壁の上部にあり、その傷は壁全体に広がって
Q4_K_M,kensg-rebarexposureRb_232.png,6.770,1.00,222,この画像には、コンクリートの構造物に対して複数の損傷があります。 最も目立つ損傷は、コンクリートの壁に対して、複数の裂け目があります。 これらの裂け目は、コンクリートの強度を低下させ、構造物の安全性を
Q4_K_M,kensg-rebarexposureRb_233.png,5.033,2.50,165,この画像には、橋の構造物に対して複数の損傷が認められています。 最も目立つ損傷は、橋の支撐材の一部が外れていることです。 この損傷は、軽度から中度のものに至ります。 また、橋の壁には、複数の破砕物があ
Q4_K_M,kensg-rebarexposureRb_234.png,5.189,3.50,168,この画像には、壁に掛かった板に「CI1」と書かれています。その板の下には、壁に対して傷があることが分かります。傷の種類は、裂け目（crack）であり、傷の強度は、軽度（minor）です。壁の一部が失わ
Q4_K_M,kensg-rebarexposureRb_235.png,6.870,0.00,250,この画像には、壁に対して横から描かれた赤い線があり、その線の下には数値が書かれています。壁の下には、数値が書かれた紙があり、その紙には「2006.2.6」という数値が書かれています。また、壁の上には、
Q4_K_M,kensg-rebarexposureRb_236.png,3.839,4.50,109,この画像には、壁の傷の一部があります。傷の種類は、縫合不良、鉄筋の露出、腐食、剥がれ、部材の損失です。傷の強度は、軽度、中度、重度で、壁の一部が損失しています。壁の損失部分は、壁の下半分にあり、壁の幅
Q4_K_M,kensg-rebarexposureRb_237.png,5.162,3.00,157,この画像には、壁に沿って垂れ下がった干渉板があり、その下には壁に傷があることが分かります。壁に傷は、複数の縦方向の割れ目があることがわかります。割れ目の幅は、少なくとも数センチから数十センチで、壁の厚
Q4_K_M,kensg-rebarexposureRb_238.png,3.430,4.00,87,この画像には、壁の破損が確認できます。破損の種類は、剥がれ、腐食、落朽、部材の損失です。破損の傷度は、軽度、中度、重度です。破損は、壁の上部に存在し、広範囲にわたっています。
Q4_K_M,kensg-rebarexposureRb_239.png,5.321,3.50,160,この画像には、道路の下にあるコンクリートの構造物に対する損傷が見られます。損傷の種類は、剥がれ、腐食、裂け目、部材の損失です。損傷の強度は、軽度から中度までの範囲で、その寿命を短縮しています。損傷は、
Q4_K_M,kensg-rebarexposureRb_240.png,5.524,3.50,169,この画像には、壁に対して傾斜した状態であることが分かります。その傾斜部分には、壁の崩壊が起こっていることが明らかです。壁の崩壊は、構造的な損傷の一種であり、壁の強度が低下していることを示しています。壁
Q4_K_M,kensg-rebarexposureRb_241.png,5.359,3.00,160,この画像には、壁の下にある構造的な損傷が確認できます。具体的には、壁の下にある構造物に対して、縫合破損が起こっており、その破損は軽度であると考えられます。縫合破損は、構造物の強度を低下させ、長期的には
Q4_K_M,kensg-rebarexposureRb_242.png,6.890,0.00,186,この画像には、煉瓦の壁にある穴に注目します。穴の周りには、標本が置かれており、その標本には数字が記されています。穴の内部には、縦に縦に、縦に縦に、縦に縦に、縦に縦に、縦に縦に、縦に縦に、縦に縦に、縦に
Q4_K_M,kensg-rebarexposureRb_243.png,5.198,4.00,153,この画像には、壁に取り付けられた横書きの文字によって、壁の破損が見られます。破損の種類は、裂け目、鉄筋の露出、腐食、剥がれ、部材の損失です。破損の強度は、軽度、中度、重度の3段階で評価されます。破損は
Q4_K_M,kensg-rebarexposureRb_244.png,4.426,5.00,124,この画像には、壁に掛かった測量器によって測定された壁の損傷が含まれています。損傷の種類は、割れ目、鉄筋の露出、腐食、破砕、部材の損失です。損傷の強度は、軽度、中度、重度で分類されます。損傷は、壁の上部
Q4_K_M,kensg-rebarexposureRb_245.png,5.306,3.00,163,この画像には、壁の崩落の痕跡があり、壁の崩落が起こった場所には、赤い線が引かれています。壁の崩落により、壁の一部が剥がれ落ちています。この壁の崩落は、壁の強度が低く、または壁の構造が不十分であったこと
Q4_K_M,kensg-rebarexposureRb_246.png,4.476,5.00,134,この画像には、コンクリートの壁に対して大きな損傷があります。損傷の種類は、裂け目、鉄筋の露出、腐食、剥がれ、セクションの損失です。損傷の傾向は、軽度から中度まで、それぞれの場所や広がりによって異なりま
Q4_K_M,kensg-rebarexposureRb_247.png,4.809,0.00,163,この画像には、壁に対して縦に貼られた棒があり、その棒には「10」という数字が書かれています。その棒の下には、「10」という数字が書かれています。この棒は、壁の強度を測定するために使われています。壁には
Q4_K_M,kensg-rebarexposureRb_248.png,6.848,0.00,296,この画像には、壁に描かれた数字と文字があります。数字は1000000000000000000000000000000000000000000000000000000000000000000000000
Q4_K_M,kensg-rebarexposureRb_249.png,5.742,2.00,186,この画像には、壁に対して横方向に掛けられた測定器があり、その測定器には数値が書かれています。壁には、広い範囲にわたって赤い線が描かれており、その線の上には数値が書かれています。壁の一部には、裂け目が見
Q4_K_M,kensg-rebarexposureRb_250.png,4.322,3.50,120,この画像には、橋の構造物に対する損傷が見られます。具体的には、壁に対する損傷であるため、壁損傷と呼びます。損傷の種類は、壁損傷のみであり、損傷の強度は、軽度であると考えられます。損傷の地点は、橋の上部
Q4_K_M,kensg-rebarexposureRb_251.png,4.735,5.00,141,この画像には、壁に対して傷があることが分かります。傷の種類は、裂け目、鉄筋の露出、腐食、剥がれ、部材の損失です。傷の強度は、軽度、中度、重度の3段階で評価されます。傷の位置は、壁の上部にあり、広範囲に
Q4_K_M,kensg-rebarexposureRb_252.png,4.730,0.50,138,この画像には、壁に対して傾斜した破綻があり、その破綻により壁の傾斜が生じています。この破綻は、壁の構造に対して重大な損傷をもたらしています。破綻の幅は約1.5メートルで、壁の高さの約2メートルに及んで
Q4_K_M,kensg-rebarexposureRb_253.png,5.899,4.00,175,この画像には、壁に対して傾斜した石が異常に留まっていることが観察されます。この状況は、壁の構造に対する損傷を示しています。損傷の種類は、破綻、コロッセウム、腐食、落盤、部材損失です。損傷の優先順位は、
Q4_K_M,kensg-rebarexposureRb_254.png,6.013,3.00,200,この画像には、壁の下にある汚れた穴に入り込んでいる巣のようなものがあります。この穴には、汚れた石や砂が散らばっており、縁石のような形状をしています。この穴には、壁の下にある汚れた石が含まれており、これ
Q5_K_M,kensg-rebarexposureRb_001.png,4.169,4.00,116,この画像には、壁に対する破損が見られます。壁には、剥がれた鉄筋があり、その一部が壁から取り出されています。この破損は、軽度のものであり、壁の一部が失われています。破損の範囲は、壁の上部に限定されており
Q5_K_M,kensg-rebarexposureRb_002.png,6.310,4.00,180,この画像において、壁に対して垂直に立っている測量用のボードには、日本語で書かれた情報が記載されています。その情報によると、壁に対する損傷は、裂け目や鉄筋の露出、腐食、剥がれ、部材の損失などが見られます
Q5_K_M,kensg-rebarexposureRb_003.png,5.842,4.00,154,この画像には、壁に掛けられた標識によって、壁の損傷が明確に示されています。損傷の種類は、裂け目、鋼管の露出、腐食、剥がれ、部材の損失です。損傷の強度は、軽度、中度、重度のいずれかです。損傷は、壁の一部
Q5_K_M,kensg-rebarexposureRb_004.png,5.600,5.00,147,この画像には、壁に描かれた線が、壁の損傷を示しています。損傷の種類は、裂き、鉄筋の露出、腐食、剥がれ、部材の損失です。損傷の強度は、軽度、中度、重度の3段階で評価されます。損傷は、壁の上部に集中してお
Q5_K_M,kensg-rebarexposureRb_005.png,5.702,2.00,165,この画像には、壁に描かれた手書きによって、「1800」と「2500」という数字が書かれています。壁には、赤い線が描かれており、その線が壁の縁に沿っています。この壁には、欠損があり、その欠損が壁の縁に沿
Q5_K_M,kensg-rebarexposureRb_006.png,4.901,4.50,137,この画像には、斜面の壁に対して傷があることが分かります。傷の種類は、裂け目、鉄筋の露出、腐敗、落ち落ち、部材の損失です。傷の重大度は、軽度、中度、重度です。傷の場所は、壁の上部、中部、下部にあり、壁全
Q5_K_M,kensg-rebarexposureRb_007.png,6.070,3.50,171,この画像には、橋の構造物に対して認められる損傷があります。具体的には、壁に対して縦方向に損傷があり、その部分は薄くなっています。この損傷は、軽度から中度の損傷であると考えられます。この損傷は、壁の一部
Q5_K_M,kensg-rebarexposureRb_008.png,7.569,1.50,222,この画像には、道路の下にあるコンクリートの壁に寄生している鐘があります。この鐘は、複数の穴があり、その中には鐘の材料である鉄製の穴があります。この鐘の構造には、複数の破損があり、その中には、コンクリー
Q5_K_M,kensg-rebarexposureRb_009.png,7.200,4.00,207,このイメージにおいて、構造的損傷が観察されています。具体的には、床板における剥がれ続き、壁における腐食、および構造体の一部の損失が認められます。これらの損傷は、軽度から中度のものと考えられ、構造体の安
Q5_K_M,kensg-rebarexposureRb_010.png,5.195,4.00,134,この画像には、壁の壁に対して損傷があります。 損傷の種類は、裂け目、鉄筋の露出、腐食、落朽、部材の損失です。 損傷の強度は、軽度、中度、重度です。 損傷は、壁の幅全体にわたって見られます。 この損傷は
Q5_K_M,kensg-rebarexposureRb_011.png,5.872,3.00,178,この画像には、橋の支柱に対して損傷があることが分かります。具体的には、支柱の一部が腐食しており、その結果、支柱の強度が低下していることが考えられます。また、支柱の一部が腐食していることから、この損傷は
Q5_K_M,kensg-rebarexposureRb_012.png,5.019,1.50,145,このイメージにおいて、壁に対して腐敗が認められており、壁の一部が損傷していることが分かります。具体的には、壁の一部が腐敗しており、その結果、壁の強度が低下していることが考えられます。この損傷は、壁の強
Q5_K_M,kensg-rebarexposureRb_013.png,5.797,2.00,173,この画像には、壁に取り付けられた箱に「0」と書かれている。壁には、箱の上にある穴があり、その穴からは、壁の下にある箱が見える。箱の上部には、穴の周りに鋼管が取り付けられている。壁には、複数の箱が取り付
Q5_K_M,kensg-rebarexposureRb_014.png,6.178,3.50,177,この画像には、壁に対して破損があることが分かります。壁の一部が剥がれていることが観察されます。この破損は、壁の強度が低下していることを示しています。破損の具体的な位置は、壁の上部にあり、壁の一部が剥が
Q5_K_M,kensg-rebarexposureRb_015.png,4.486,1.50,126,この画像に描かれた損傷は、壁の一部が剥がれ落ちていることで、壁の強度が低下していることが分かります。壁の一部が剥がれ落ちているため、壁の強度は著しく低下しており、修理が必要です。この損傷は、壁の強度が
Q5_K_M,kensg-rebarexposureRb_016.png,3.419,1.50,99,このイメージには、道路橋の構造的ダメージが見られます。具体的には、壁の腐敗、破損部分、および壁の破壊が認められます。これらのダメージは、橋の安全性に懸念されるほどのものであり、修理が必要とされます。
Q5_K_M,kensg-rebarexposureRb_017.png,5.580,4.50,152,この画像には、壁に沿って壁に取り付けられた照明器具の下にある壁に対する損傷があります。この損傷は、壁の割れや腐食、落朽、部材の損失など、様々な種類の損傷を含みます。この損傷は、軽度から中度の程度であり
Q5_K_M,kensg-rebarexposureRb_018.png,4.154,4.00,100,この画像には、壁の破損があります。破損の種類は、裂け目、鉄筋の露出、腐食、破砕、部材の損失です。破損の強度は、軽度、中度、重度の3段階で評価されます。破損は、壁の一部で起こり、広範囲にわたっています。
Q5_K_M,kensg-rebarexposureRb_019.png,6.104,5.00,157,このイメージには、道路の上にある構造物に対する損傷が認められます。損傷の種類は、破損、横脆強性材料の露出、腐食、落敗、部材の損失です。損傷の強度は、軽度、中度、重度の3段階で評価されます。損傷は、構造
Q5_K_M,kensg-rebarexposureRb_020.png,4.606,3.00,119,この画像には、壁の破損が認められます。壁には、破損の種類は裂け目で、傷の深さは軽度です。破損は壁の一部に限定され、広範囲にわたっていません。この破損は、壁の構造に影響を与える可能性がありますが、現在の
Q5_K_M,kensg-rebarexposureRb_021.png,7.615,1.50,220,この画像には、壁に対して強い圧力がかかっていることが明らかです。壁には、歪みが生じ、壁の坑道に向かって剥がれ落ちています。この歪みは、壁の強度を超えているため、壁の破損が起こっています。この破損は、軽
Q5_K_M,kensg-rebarexposureRb_022.png,4.950,4.00,142,このイメージには、コンクリートの壁に対して複数の損傷があります。その中には、破損したコンクリートの部分があり、その破損の程度は軽度です。また、壁の一部には、コンクリートの表面に対して複数の汚れがあり、
Q5_K_M,kensg-rebarexposureRb_023.png,6.247,3.50,177,この画像には、壁に対して傷があることが分かります。具体的には、壁の一部が剥がれ落ちていることが観察されます。この壁には、煙突のような形状をしています。傷の種類は、落ち落ち、鉄筋の露出、腐食、壁の損失で
Q5_K_M,kensg-rebarexposureRb_024.png,5.790,4.00,167,この画像には、道路の下にある壁の破損があります。壁の一部が崩れ、石や砂が溢れ出しています。この破損は、壁の強度が低下していることを示しています。破損の強度は「軽度」であり、壁の一部が失われていることか
Q5_K_M,kensg-rebarexposureRb_025.png,4.239,3.50,108,この画像には、壁の下にある破損部分があります。破損部分は、壁の下にある破維や欠損部分、および壁の下にある破損部分です。この破損部分は、軽度から中度の破損であり、壁の下にある破維や欠損部分が最も広範囲に
Q5_K_M,kensg-rebarexposureRb_026.png,4.768,0.00,152,この画像には、壁に取り付けられたシグナルボードがあり、そのシグナルボードには、「No. 13」と「No. 7」と書かれています。壁には、歪みがあり、その歪みが壁の崩落の危険性を示しています。壁の歪みは
Q5_K_M,kensg-rebarexposureRb_027.png,5.353,3.00,147,この画像には、様々な損傷が見られます。 主な損傷は、壁の表面にある破損部分で、その破損部分は、壁の幅の約1/3に及び、壁の厚さの約1/4に達しています。 この損傷は、軽度から中度の損傷であり、壁の強度
Q5_K_M,kensg-rebarexposureRb_028.png,3.631,3.00,102,この画像には、壁の一部が崩れていることが分かります。壁の損傷は、剥がれ、腐食、および落ち落ちのような形で表現されています。壁の損傷の優先順位は、重度であり、壁の一部が失われていることから、修理が必要で
Q5_K_M,kensg-rebarexposureRb_029.png,6.141,2.00,177,この画像には、壁に取り付けられたメーカーボードに、日本語で書かれた情報があります。その情報によると、壁にはいくつかの壊れた箇所があり、その壊れた箇所は、壁の強度を減少させ、壁の安全性を危険にする可能性
Q5_K_M,kensg-rebarexposureRb_030.png,6.048,3.00,174,この画像には、コンクリートの構造物に対して悪影響を与える損傷が見られます。具体的には、コンクリートの裂け目が観察されており、この裂け目は辺縁部分の損傷であると考えられます。この損傷は軽度のものであり、
Q5_K_M,kensg-rebarexposureRb_031.png,7.605,0.00,230,この画像には、壁に対して鳥の絵が描かれており、壁の下にある壁に対して、数値が書かれています。壁には、鳥の絵の下に細かい線が描かれており、その線の下には、鳥の絵の下に細かい線が描かれています。壁には、鳥
Q5_K_M,kensg-rebarexposureRb_032.png,4.669,2.50,143,この画像には、橋の構造的ダメージがあることが分かります。具体的には、橋の支撐材（レバー）が露出しており、これは橋の構造的ダメージの一種である「レバー露出」と呼ばれます。このダメージは軽度であり、橋の一
Q5_K_M,kensg-rebarexposureRb_033.png,5.037,2.50,138,この画像には、橋の構造物に対する損傷が認められます。具体的には、斜線の一部が剥がれていることが確認されており、これは重度の損傷です。また、橋の支撐材としての鋼管が一部が剥がれていることも確認されており
Q5_K_M,kensg-rebarexposureRb_034.png,3.722,2.50,108,この画像において、壁の下にある構造物には、裂け目があることが分かります。裂け目の傷の程度は軽度であり、壁の一部が失われているようです。この壁には、構造物の壁に対する裂け目があり、その傷が壁の一部を失っ
Q5_K_M,kensg-rebarexposureRb_035.png,4.454,1.00,124,この画像には、壁に対して傷があることが分かります。壁に対して傷がある場所は、壁の下にあり、壁の半分の高さに達しています。傷の種類は、コロッセウムの落ち落ちるような状態であり、傷の強度は、中程度です。こ
Q5_K_M,kensg-rebarexposureRb_036.png,4.315,4.50,129,この画像には、様々な損傷が見られます。主な損傷は、壁に対しての裂け目（spalling）で、この場所では裂け目が複数見られます。また、壁の一部が損傷していることが明らかです。この損傷は、軽度から中度の
Q5_K_M,kensg-rebarexposureRb_037.png,6.517,3.00,172,この画像には、道路の構造物に対する損傷が見られます。主な損傷は、壁の脱落や破損、および壁の破維です。これらの損傷は、壁の強度を低下させ、長期的な壁の維持が困難になる可能性があります。この損傷の強度は、
Q5_K_M,kensg-rebarexposureRb_038.png,6.139,5.00,181,この画像には、壁に取り付けられた横長の紙に、日本語で書かれた情報があります。その情報によると、壁には壊れた部分があり、その部分は破損しています。壊れた部分の種類は、裂け目、鉄筋の露出、腐敗、剥がれ、部
Q5_K_M,kensg-rebarexposureRb_039.png,4.944,2.50,136,このイメージには、壁に対して破損があります。この破損は、壁の底部にあり、壁の幅が狭まっていることが分かります。この破損は、薄い壁の部分を失っていることが示唆されています。この破損は、軽度のものであり、
Q5_K_M,kensg-rebarexposureRb_040.png,5.260,4.00,141,この画像には、壁に対して破損があることが分かります。破損の種類は、裂け目、鉄筋の露出、腐食、落ち落ち、部材の損失です。破損の強度は、軽度、中度、重度のいずれかです。破損は、壁の一部に限定されており、広
Q5_K_M,kensg-rebarexposureRb_041.png,5.524,3.50,150,この画像には、道路橋の構造物に対する損傷が観察されています。具体的には、壁の損傷があり、その傷の種類は、裂け目、筋違い、腐食、落ち落ち、部材の損失です。傷の重大度は、軽度、中度、重度で分類されており、
Q5_K_M,kensg-rebarexposureRb_042.png,6.720,5.00,186,この画像には、壁に対して描かれた数学の式によって、壁の損傷が示されています。壁の損傷は、裂け目、鉄筋の露出、腐食、剥がれ、部材の損失など、様々な種類があります。壁の損傷の強度は、軽度、中度、重度のいず
Q5_K_M,kensg-rebarexposureRb_043.png,5.293,3.50,153,この画像には、コンクリートの壁に対して、赤いペイントで描かれた斜線があります。この斜線は、壁の損傷を示しています。具体的には、壁の一部が落ち落ちし、コンクリートが腐敗していることが分かります。この損傷
Q5_K_M,kensg-rebarexposureRb_044.png,3.754,2.50,98,この画像には、壁の破損が見られます。壁に対して、壁の一部が剥がれ落ちています。この破損は、壁の強度を低下させており、修理が必要です。この破損は、軽度から中度の破損であり、壁の一部の損失があります。
Q5_K_M,kensg-rebarexposureRb_045.png,7.634,4.00,224,この画像には、コンクリートの構造物に対して複数の損傷が認められています。これらの損傷は、裂け目、鋼管の露出、腐食、落葉、および構造物の部分の損失によって引き起こされています。  裂け目は、構造物の表面
Q5_K_M,kensg-rebarexposureRb_046.png,7.652,3.00,252,この画像に描かれた構造的ダメージは、裂け目（crack）、筋材の露出（rebar exposure）、腐食（corrosion）、剥がれ（spalling）、部材の損失（section loss）とい
Q5_K_M,kensg-rebarexposureRb_047.png,7.378,3.50,202,この画像には、橋の構造物に関する損傷が見られます。具体的には、壁の腐食、材料の劣化、および壁の破損が認められます。これらの損傷は、橋の安全性に影響を与える可能性があります。損傷の具体的な種類は、腐食、
Q5_K_M,kensg-rebarexposureRb_048.png,5.160,0.50,149,この画像には、壁に書かれた文字があり、それによると、本の欄が破損しているという情報があります。具体的には、本の欄には破損があり、その破損により、本の欄が半分になっています。また、壁には赤い線が描かれて
Q5_K_M,kensg-rebarexposureRb_049.png,4.884,4.50,136,この画像には、壁の傷があることが分かります。傷の種類は、裂け目、鉄筋の露出、腐敗、剥がれ、部材の損失です。傷の強度は、軽度、中度、重度で分類されます。傷の場所は、壁の上部、下部、そして壁の角にあり、壁
Q5_K_M,kensg-rebarexposureRb_050.png,6.404,3.00,166,この画像には、斜路の傾斜部にある壁の損傷が認められます。壁の一部が崩れており、壁の構造が損傷していることが分かります。損傷の種類は、壁の剥がれ、腐食、落朽、部材の損失です。損傷の強度は、軽度から中度の
Q5_K_M,kensg-rebarexposureRb_051.png,5.045,3.50,144,このイメージには、壁に対して破損した部分があり、これは「スパルリング」と呼ばれます。この破損は、壁の強度を減少させ、長期的には壁の安全性を損なう可能性があります。この破損の強度は「重度」であり、壁の一
Q5_K_M,kensg-rebarexposureRb_052.png,5.006,5.00,137,この画像には、壁の上にある壁の欠損があります。欠損の種類は、裂け目、鉄筋の露出、腐食、剥がれ、セクションの損失です。欠損の強度は、軽度、中度、重度のいずれかです。欠損の場所は、壁の上部にあり、壁の幅全
Q5_K_M,kensg-rebarexposureRb_053.png,5.837,2.50,170,この画像には、コンクリート製の橋の下にある壁に対して、破損が認められています。壁には、線路の上に沿って、白い管が取り付けられています。管の下には、損傷が見られます。損傷の種類は、裂け目であり、壁の一部
Q5_K_M,kensg-rebarexposureRb_054.png,7.640,3.00,211,この画像において、構造的ダメージは、割れ目、鉄筋の露出、腐食、剥がれ、部材の損失といった種類が観察されました。割れ目は、壁の一部が剥がれ落ちたり、壁と構造物との間に空気抜けが生じたりすることを意味しま
Q5_K_M,kensg-rebarexposureRb_055.png,4.484,4.50,123,この画像には、壁に対して傷があることが分かります。壁に対して傷は、裂け目、網の露出、腐食、剥がれ、部材の損失のいずれかです。傷の強度は、軽度、中度、重度のいずれかです。傷の位置は、壁の上部、下部、中央
Q5_K_M,kensg-rebarexposureRb_056.png,6.284,4.00,196,この画像には、道路の下にある構造物の損傷が明らかになっています。具体的には、道路の下にある構造物の一部が剥がれ落ちており、その部分が破損していることが分かります。この損傷は、軽度から中度のものと思われ
Q5_K_M,kensg-rebarexposureRb_057.png,5.705,3.00,164,この画像には、壁の傷があることが分かります。壁の一部が崩れているため、壁の強度が低下していることが示唆されています。壁の傷は、壁の崩れによって引き起こされ、壁の強度が低下していることが分かります。壁の
Q5_K_M,kensg-rebarexposureRb_058.png,4.343,2.00,123,この画像には、橋の構造的損傷が明らかになっています。 その損傷は、剥がれた鉄筋や腐食、裂け目、部材の損失などが見られます。 これらの損傷は、橋の安全性に対する懸念を引き起こしています。 この損傷は、修
Q5_K_M,kensg-rebarexposureRb_059.png,5.141,3.00,147,この画像において、構造的な損傷が観察されています。具体的には、壁に対して割れ目があり、欠損部分があります。割れ目の幅は約10cmで、欠損部分の広さは約30cmです。これらの損傷は、壁の強度を低下させ、
Q5_K_M,kensg-rebarexposureRb_060.png,6.266,2.50,178,この画像には、コンクリートの壁に対して、壁に対する圧力がかかっていることが明らかになっています。壁に対する圧力が大きすぎるため、壁の一部が崩れています。壁の崩れは、コンクリートの壁に対する圧力が大きす
Q5_K_M,kensg-rebarexposureRb_061.png,6.702,5.00,186,この画像には、壁に対して決まった傷があり、壁の崩壊が起こっていることが分かります。壁に対して傷の種類は、裂け目、鉄筋の露出、腐食、落札、部材の損失です。傷の強度は、軽度、中度、重度の3段階で評価されま
Q5_K_M,kensg-rebarexposureRb_062.png,5.085,2.50,146,この画像には、コンクリートの壁に対して損傷があることが分かります。壁の一部が剥がれており、コンクリートの損傷が認められます。この損傷は、軽度から中度のものと見られます。壁の一部が剥がれているため、壁の
Q5_K_M,kensg-rebarexposureRb_063.png,5.255,3.00,149,この画像には、壁の破損が見られます。壁の一部が剥がれ、裂け目があり、コロッセウムが見られます。この破損は、裂け目の幅が約300mmで、裂け目の深さは約600mmです。この破損は、裂け目が薄くて、コロッ
Q5_K_M,kensg-rebarexposureRb_064.png,5.979,3.00,172,この画像には、壁に対して垂直に取り付けられた鋼材があり、その中には破綻が見られます。破綻は、壁の強度を減少させ、長期的な壁の劣化を引き起こす可能性があります。破綻の強度は、軽度から重度までの3段階で評
Q5_K_M,kensg-rebarexposureRb_065.png,4.984,5.00,146,このイメージには、壁に対して傷があることが分かります。傷の種類は、裂け目、鉄筋の露出、腐食、剥がれ、セクションの損失です。傷の強度は、軽度、中度、重度で分類されます。傷の場所は、壁の上部、中央、下部に
Q5_K_M,kensg-rebarexposureRb_066.png,4.680,4.00,119,この画像には、壁に対して傷があることが分かります。傷の種類は、裂け目、鉄筋の露出、腐食、剥がれ、部材の損失です。傷の重大度は、軽度、中度、重度です。傷は壁の下にあり、広範囲にわたっています。この傷は、
Q5_K_M,kensg-rebarexposureRb_067.png,4.865,2.50,136,この画像には、構造物の損傷が明らかになっています。具体的には、コンクリートの破損や腐食が確認できます。この損傷は、壁面に対して縦方向に進行しています。損傷の強度は、中程度であり、壁面の一部が失われてい
Q5_K_M,kensg-rebarexposureRb_068.png,4.543,4.00,121,この画像には、道路の構造物に対する損傷が見られます。損傷の種類は、裂け目、鉄筋の露出、腐食、落朽、部材の損失です。損傷の重さは、軽度、中度、重度となっており、その広範囲で発生しています。この損傷は、道
Q5_K_M,kensg-rebarexposureRb_069.png,6.100,4.00,178,この画像には、コンクリートの支撃による損傷が見られます。具体的には、コンクリートの一部が剥がれ落ちており、裂け目が生じています。この損傷は、裂け目の幅や深さによっては軽度から重度の損傷に分類されます。
Q5_K_M,kensg-rebarexposureRb_070.png,4.850,2.50,148,この画像には、壁に対して大きな損傷があります。壁の一部が剥がれ落ちており、コンクリートが腐敗しています。この損傷は、壁の強度が低下していることを示しており、修理が必要です。修理の程度は「重大」であり、
Q5_K_M,kensg-rebarexposureRb_071.png,4.946,3.50,144,この画像において、構造的ダメージは、剥がれ、腐食、落ち落ち、部材の損失などが認められます。具体的には、壁に対して剥がれがあり、腐食が進んでいる箇所があります。また、壁の一部が落ち落ちしていることも確認
Q5_K_M,kensg-rebarexposureRb_072.png,5.904,2.50,163,この画像には、壁に寄生した歯があり、その歯が壁の破綻を引き起こしていることが分かります。この破綻は、壁の強度を低下させ、長期的には壁の崩壊につながる可能性があります。この破綻の具体的な位置は、壁の上部
Q5_K_M,kensg-rebarexposureRb_073.png,6.347,5.00,194,この画像に描かれた構造的ダメージは、裂け目、鉄筋の露出、腐食、剥がれ、部材の損失によるものです。 裂け目は、壁の上部にあり、部分的に深い状態であり、剥がれは、壁の下部にあり、部分的に深い状態です。 腐
Q5_K_M,kensg-rebarexposureRb_074.png,7.634,1.00,184,この画像には、壁に対して傾斜した筋交差部の欠陥があります。欠陥は、壁の傾斜角に対して垂直で、壁の傾斜面に対して傾斜しています。欠陥の幅は、壁の傾斜面の幅の約1/3に達しており、欠陥の深さは、壁の傾斜面
Q5_K_M,kensg-rebarexposureRb_075.png,6.104,3.00,180,この画像には、様々な損傷が見られます。最も目立つのは、コンクリートの破損で、壁に残っている破片が観察されます。この損傷は、重度のものであり、壁の一部が失われています。また、コンクリートの表面には赤い刺
Q5_K_M,kensg-rebarexposureRb_076.png,5.053,3.00,132,この画像には、壁の破損が見られます。壁には、縦方向に横断材の露出があり、その一部が壊れています。また、壁の一部には、剥がれ落ちた材料が残っています。この破損は、軽度から中度の破損に該当します。壁の破損
Q5_K_M,kensg-rebarexposureRb_077.png,6.750,5.00,204,この画像において、構造的ダメージは、裂け目、鉄筋の露出、腐食、剥がれ、部材の損失によるものです。 これらのダメージは、建物の壁にあり、部分的に広範囲にわたっています。 このダメージは、軽度から中度のも
Q5_K_M,kensg-rebarexposureRb_078.png,5.353,2.00,150,この画像には、コンクリートの壁に対して、損傷が認められています。壁には、縦に裂け目が入っており、その一部が剥がれています。この損傷は、コンクリートの強度が低下し、壁の安全性に懸念されるほどのものです。
Q5_K_M,kensg-rebarexposureRb_079.png,5.809,1.00,156,この画像には、壁の破損が見られます。壁には、破損があり、その破損は、壁の強度を低下させ、損傷を招く可能性があります。破損は、壁の構造に悪影響を与え、修理が必要となる可能性があります。この破損は、壁の強
Q5_K_M,kensg-rebarexposureRb_080.png,5.195,3.50,142,この画像には、コンクリート製の橋の支柱に対して、傷があることが分かります。傷の種類は、裂け目、鉄管の露出、腐食、剥がれ、部材の損失です。傷の強度は、軽度、中度、重度の3段階で評価されます。傷は支柱の一
Q5_K_M,kensg-rebarexposureRb_081.png,5.839,2.50,164,この画像には、橋の支柱に寄生している菌や植物が見られます。また、支柱の一部が腐敗していることが分かります。この状況は、支柱の腐敗や損傷によるものと考えられます。具体的には、支柱の一部が腐敗していること
Q5_K_M,kensg-rebarexposureRb_082.png,4.898,1.50,144,この画像には、壁に描かれた赤い線が、壁の破損部分を示しています。破損部分は、壁の崩落や歪曲を引き起こす可能性があるため、修理が必要です。破損部分の具体的な位置と幅については、画像からは判断できません。
Q5_K_M,kensg-rebarexposureRb_083.png,4.318,3.50,113,この画像には、橋の構造物に対する損傷が認められます。具体的には、壁の破損や壁の剥がれが確認されます。これらの損傷は、重度であり、壁の一部が失われていることが示唆されています。この損傷は、壁の腐敗や腐食
Q5_K_M,kensg-rebarexposureRb_084.png,5.191,3.50,149,この画像には、コンクリートのアーチに対して傷があることが分かります。傷の種類は、破損、コンクリートの脱落、腐食、落石、および構造体の損傷です。傷の強度は、軽度、中度、重度のいずれかです。傷の位置は、ア
Q5_K_M,kensg-rebarexposureRb_085.png,7.109,3.00,200,この画像において、構造的損傷が観察されています。  具体的には、壁の一部に裂け目があり、コンクリートの表面にコロナウイルスが浸潤しています。この損傷は軽度から中度のレベルであり、壁の一部に限定されてい
Q5_K_M,kensg-rebarexposureRb_086.png,5.278,3.00,143,この画像には、壁に対して破損があることが分かります。壁に対して大きな破損があり、壁の強度が低下していることが明らかです。破損は、壁の強度が低下していることを示しており、壁の損傷は重度であると考えられま
Q5_K_M,kensg-rebarexposureRb_087.png,7.352,5.00,212,この画像には、壁に掛けられた板に「C1」と書かれていることから、この場所は建築物の修理や検査が行われていることが分かります。壁に掛けられた板には、「構造物の損傷」という表現があり、これは建築物の損傷を
Q5_K_M,kensg-rebarexposureRb_088.png,5.628,2.50,153,この画像において、壁に対して描かれた決まった線が、壁の傷や損傷を示しています。具体的には、壁の一部が剥がれ落ちていることが確認できます。この壁の損傷は、軽度から中度のレベルであり、壁の一部が損傷してい
Q5_K_M,kensg-rebarexposureRb_089.png,7.014,2.50,194,この画像には、橋の構造に対する損傷が見られます。具体的には、壁に対する損傷があり、その損傷は軽度であり、広範囲にわたっています。この損傷は、壁の強度を低下させ、長期的には壁の崩壊を引き起こす可能性があ
Q5_K_M,kensg-rebarexposureRb_090.png,6.081,4.00,169,この画像には、壁に対して垂直に立っている測量器があり、その測量器には数値が記載されています。測量器は、壁の傷の種類、傷の重さ、傷の位置、傷の広さなどを記録するために使用されます。壁には、破綻、腐食、落
Q5_K_M,kensg-rebarexposureRb_091.png,6.994,5.00,206,この画像には、壁に対して傷があることが分かります。傷の種類は、裂け目、鉄筋の露出、腐食、剥がれ、部材の損失です。傷の重大度は、軽度、中度、重度です。傷の位置と広さは、壁の一部分に限定されています。具体
Q5_K_M,kensg-rebarexposureRb_092.png,5.001,5.00,128,この画像には、壁にある大きな破損があります。破損の種類は、損傷、裂け目、腐食、落朽、部材の損失です。破損の強度は、軽度、中度、重度のいずれかです。破損の場所は、壁の上部にあり、広範囲にわたっています。
Q5_K_M,kensg-rebarexposureRb_093.png,7.627,3.50,210,この画像には、吊り下げ式道路の下にある壁の一部が剥がれ落ちていることが分かります。壁の損傷は、裂け目や破損の部分の欠損があり、これらの損傷が複数の場所で起こっています。この損傷は、裂け目や破損の部分の
Q5_K_M,kensg-rebarexposureRb_094.png,7.614,0.00,278,この画像には、壁に掛かった白板に「0.1」と書かれています。その下には、「0.0」と書かれた壁に対する投稿板があります。その投稿板には、「0.0」と「0.1」と「0.2」と「0.3」と「0.4」と「0
Q5_K_M,kensg-rebarexposureRb_095.png,5.030,4.00,141,この画像には、コンクリートの壁に対して傷ついた構造物があります。傷は、裂け目、鋼管の露出、腐食、落朽、部材の損失など、様々な形で表現されています。壁の傷は、軽度から中度のものまで様々な程度で、壁全体に
Q5_K_M,kensg-rebarexposureRb_096.png,6.315,5.00,193,この画像に表示されている構造的ダメージに関する詳細は次の通りです。  * ダメージの種類：裂縫、鉄筋の露出、腐食、剥落、部材の損失 * 悪化の程度：軽度、中度、重度 * 場所と広がり：壁の下部、石の上
Q5_K_M,kensg-rebarexposureRb_097.png,4.419,5.00,114,この画像において、壁に対して傷があります。傷の種類は、裂け目、鉄筋の露出、腐食、落敗、部材の損失です。傷の強度は、軽度、中度、重度で分類されます。傷の場所は、壁の下部であり、広範囲にわたっています。こ
Q5_K_M,kensg-rebarexposureRb_098.png,5.776,1.50,174,この画像には、橋の構造的ダメージが明らかになっています。具体的には、壁に対して割れ目があり、壁に対する割れ目の幅が約10cmで、壁に対する割れ目の深さは約10cmです。この割れ目は、壁の構造的ダメージ
Q5_K_M,kensg-rebarexposureRb_099.png,4.763,5.00,128,この写真には、壁に対して傷があることがわかります。壁に対して傷は、裂け目、破損、腐食、損失部分といった様々な種類の損傷を示しています。傷の強度は、軽度、中度、重度のいずれかに分類されます。傷の位置は、
Q5_K_M,kensg-rebarexposureRb_100.png,7.089,4.00,195,この画像には、壁に書かれた数字とともに、壁に対して突き出した壁材が見えます。この壁材の突き出し部分は、壁材の損傷を示しており、この損傷は、裂け目のような傷であることが考えられます。この裂け目は、壁材の
Q5_K_M,kensg-rebarexposureRb_101.png,7.692,0.00,241,この画像には、壁に書かれた数字があり、その数字が紙に書かれているようです。壁には、壁に書かれた数字と紙に書かれた数字が一致しています。壁には、壁に書かれた数字と紙に書かれた数字が一致しています。壁には
Q5_K_M,kensg-rebarexposureRb_102.png,5.935,4.00,157,この画像において、壁に対して損傷が認められています。損傷の種類は、裂け目、鉄筋の露出、腐食、剥がれ、部材の損失です。損傷の強度は、軽度、中度、重度の3段階で評価されます。損傷は、壁の一部に限定されてお
Q5_K_M,kensg-rebarexposureRb_103.png,6.046,5.00,163,この画像には、壁に対して損傷があることが分かります。損傷の種類は、裂け目、鉄筋の露出、腐食、落下、部材の損失です。損傷の強度は、軽度、中度、重度の3段階で評価されます。損傷の位置は、壁の上部、中央、下
Q5_K_M,kensg-rebarexposureRb_104.png,4.193,1.50,110,この画像には、壁の破損が見られます。壁には、破維やコロッセウムの損傷、腐食、落敗、部材の損失があります。これらの損傷は、壁の強度を低下させ、長期的な壁の安定性を損なう可能性があります。この壁に対する修
Q5_K_M,kensg-rebarexposureRb_105.png,7.639,0.00,194,この画像には、壁の傷があり、壁に刻まれた紙には「1」と書かれています。壁の傷は、壁の表面に垂れ下がった植物の茎が壁に刺激され、壁に刻まれた紙には「1」と書かれています。壁の傷は、薄い壁に対して、植物の
Q5_K_M,kensg-rebarexposureRb_106.png,5.536,4.00,144,この画像には、壁の破損が見られます。壁には、割れ目や破砕、腐食、裂け目、および部材の損失があります。壁には、破砕や裂け目が見られ、これらの破損は軽度から中度の破損です。破損の広範囲にわたって見られ、壁
Q5_K_M,kensg-rebarexposureRb_107.png,5.022,4.00,139,この画像には、構造的な損傷が見られます。具体的には、コンクリートの壁に対して、裂け目があり、コンクリートの一部が失われています。この損傷は、裂け目の幅が狭いため、軽度の損傷と考えられます。損傷は、壁の
Q5_K_M,kensg-rebarexposureRb_108.png,7.662,0.50,242,この画像には、壁に固定された紙の板に、照明の穴があることが分かります。この穴には、紙の板が置かれています。紙の板には、「1」と「20」という数字が書かれており、穴の周りには「1」と「20」という数字が
Q5_K_M,kensg-rebarexposureRb_109.png,5.660,4.00,171,この画像には、橋の構造的ダメージが見られます。このダメージは、裂け目、鉄筋の露出、腐食、剥がれ、セクションの損失など、様々な種類があります。このダメージは、比較的軽度であり、主に壁の上にあります。この
Q5_K_M,kensg-rebarexposureRb_110.png,4.179,5.00,109,この画像には、壁の傷があります。傷の種類は、裂け目、鉄筋の露出、腐食、落朽、セクションの損失です。傷の強度は、軽度、中度、重度で分類されます。傷は壁の上部にあり、壁全体に広がっています。この壁の損傷は
Q5_K_M,kensg-rebarexposureRb_111.png,6.879,3.00,193,この画像には、コンクリートの壁に対して損傷があることが分かります。壁の一部が剥がれ落ちており、コンクリートの表面に石が散らばっています。この損傷は、裂け目やコンクリートの脱落、腐敗、セクションの損失な
Q5_K_M,kensg-rebarexposureRb_112.png,7.009,2.00,212,この写真には、橋の構造的ダメージが明らかになっています。 このダメージは、腐食、裂け目、および部材の損失によって引き起こされました。 腐食は、構造材料の表面において、酸素と水分の供給によって引き起こさ
Q5_K_M,kensg-rebarexposureRb_113.png,4.962,5.00,132,このイメージにおいて、構造的損傷は、裂け目、鉄筋の露出、腐食、落敗、部材の損失といった損傷の種類が認められます。 これらの損傷は、様々な程度の傷度を持ち、橋の上部や下部に広範囲にわたって存在しています
Q5_K_M,kensg-rebarexposureRb_114.png,7.464,5.00,215,この画像には、コンクリートの構造物に対して複数の損傷が認められます。その中には、破損部分の欠損、腐食、および鋼管の露出が含まれています。これらの損傷は、構造物の強度を低下させ、長期的な耐久性を損なう可
Q5_K_M,kensg-rebarexposureRb_115.png,4.754,5.00,122,この画像には、壁の破損が見られます。破損の種類は、裂け目、鉄筋の露出、腐食、破砕、部材の損失です。破損の傷度は、軽度、中度、重度です。破損の場所は、壁の下部にあり、壁の一部が損失しています。この破損は
Q5_K_M,kensg-rebarexposureRb_116.png,5.802,5.00,155,この画像には、橋の損傷が見られます。具体的には、損傷の種類は、裂け目、鉄筋の露出、腐食、剥がれ、部材の損失です。損傷の強度は、軽度、中度、重度の3段階で評価されています。損傷は、橋の支柱に集中しており
Q5_K_M,kensg-rebarexposureRb_117.png,7.738,2.00,238,この画像には、壁に対して傷ついたコンクリートの部分があり、その傷は薄い壁に対して深いものであることが分かります。壁の一部が剥がれていることもあります。この壁には、「1-01」という数字が書かれており、
Q5_K_M,kensg-rebarexposureRb_118.png,7.665,3.50,234,この画像には、壁の下にある石の一部が剥がれ落ちていることがわかります。この剥がれ落ちた石の部分は、複数の石の間にあり、その中には小さな石が含まれています。この壁の損傷は、軽度のものと判断されます。損傷
Q5_K_M,kensg-rebarexposureRb_119.png,5.718,3.50,171,この画像には、コンクリート製の橋の壁にある壊れた部分があります。この壊れた部分は、壊れたコンクリートの破片が飛び出していることが考えられます。この破片は、周囲のコンクリートに寄生しています。この壊れた
Q5_K_M,kensg-rebarexposureRb_120.png,5.125,3.00,135,この画像には、様々な構造的損傷が観察されています。主な損傷は、裂縫、鉄筋の露出、腐食、落朽、部材の損失です。これらの損傷は、壁の側面に広がっており、壁の幅の約3分の1に及んでいます。これらの損傷は、建
Q5_K_M,kensg-rebarexposureRb_121.png,4.977,4.00,128,この画像には、斜張りの構造物の損傷が見られます。損傷の種類は、裂縫、筋の露出、腐食、落朽、部材の損失です。損傷の重大度は、軽度、中度、重度で分類されます。損傷は、壁の下にあり、壁の一部を占めています。
Q5_K_M,kensg-rebarexposureRb_122.png,6.160,1.50,183,この写真には、コンクリートのアーチに対して、重大な損傷が認められています。具体的には、コンクリートの一部が失われており、その結果、構造物の強度が低下しています。また、コンクリートの表面には、汚染や腐敗
Q5_K_M,kensg-rebarexposureRb_123.png,7.694,3.00,212,この画像に描かれた構造的損傷は、裂縫、鉄筋の露出、腐食、剥がれ、部材の損失によるものです。  裂縫は、壁の傷や石の破損によるもので、軽度から中度の損傷です。裂縫は、壁の強度が低下し、壁が崩れる可能性が
Q5_K_M,kensg-rebarexposureRb_124.png,6.016,5.00,165,この画像には、吊り橋の欠陥が見られます。欠陥は、裂け目、鉄筋の露出、腐食、剥がれ、セクションの損失など、様々な損傷が見られます。これらの損傷は、吊り橋の構造に対して重大な問題を引き起こしており、修理が
Q5_K_M,kensg-rebarexposureRb_125.png,6.251,1.50,180,この画像には、コンクリートの壁に対して損傷があります。壁には、溶岩の破片が散らばっており、これらの破片は壁の表面に沿って散在しています。また、壁には溶岩の破片が含まれており、これらの破片は壁の内部に沿
Q5_K_M,kensg-rebarexposureRb_126.png,6.660,3.50,183,このイメージには、壁に描かれた線が確認できます。これらの線は、壁の損傷を示しています。壁には、複数の縦横材が取り付けられており、その中には、線が描かれています。これらの線は、壁の損傷の種類として、複数
Q5_K_M,kensg-rebarexposureRb_127.png,3.908,3.50,118,このイメージにおいて、構造的ダメージが見られます。具体的には、壁に対して割れ目があり、コロッセウムが露出しています。このダメージは軽度から中度のレベルであり、壁の一部が損傷しています。このダメージは、
Q5_K_M,kensg-rebarexposureRb_128.png,3.540,2.50,100,このイメージには、アーチの下にある石の一部が剥がれていることがわかります。この損傷は、軽度のものであり、アーチの一部の壁に広がっています。この損傷は、アーチの壁に対する圧力の影響を受けているようです。
Q5_K_M,kensg-rebarexposureRb_129.png,5.237,1.50,142,この画像には、アーチの下にある構造物に対して、複数の欠陥が観察されています。その中には、裂け目、鋼管の露出、腐食、落ち落ち、および部材の損失が含まれています。これらの欠陥は、アーチの強度を低下させ、長
Q5_K_M,kensg-rebarexposureRb_130.png,4.989,4.00,139,この画像には、壁に対して傷があることが分かります。具体的には、壁の一部が剥がれ落ちており、その破損部分が広範囲にわたっています。この壁には、複数の石が散らばっており、そのうちの一部が壁の破損部分に沿っ
Q5_K_M,kensg-rebarexposureRb_131.png,4.936,5.00,131,この画像において、壁に対して傷があります。傷の種類は、裂き目、鉄筋の露出、腐食、剥落、セクションの損失です。傷の強度は、軽度、中度、重度で分類されます。傷の位置は、壁の上部、中央部分、下部にあり、壁の
Q5_K_M,kensg-rebarexposureRb_132.png,6.845,3.50,181,この画像には、斜張りの構造に対して認められる損傷が描かれています。具体的には、壁に対して損傷があり、その損傷は壁の表面に広がっています。損傷の種類は、剥がれ、腐敗、剥がれ、部材の損失であり、その程度は
Q5_K_M,kensg-rebarexposureRb_133.png,6.155,2.00,174,この画像には、様々な構造的損傷が認められます。主な損傷は、壁の腐食、施錠の劣化、およびコンクリートの剥がれです。壁の腐食は、壁の表面に深い縫合線があり、コンクリートの剥がれは、壁の表面にコンクリートの
Q5_K_M,kensg-rebarexposureRb_134.png,6.482,5.00,179,この画像には、壁に書かれた数学的な記号があります。これらの記号は、壁の損傷を説明するために使用されています。損傷の種類は、裂け目、鉄筋の露出、腐敗、剥がれ、部材の損失です。損傷の強度は、軽度、中度、重
Q5_K_M,kensg-rebarexposureRb_135.png,5.648,4.00,153,この画像には、斜張りの損傷が観察されています。損傷の種類は、裂け目、鉄筋の露出、腐食、落ち落ち、部材の損失です。損傷の強度は、軽度、中度、重度で分類されます。損傷は、管の中央部分に集中しており、管の周
Q5_K_M,kensg-rebarexposureRb_136.png,6.523,3.00,188,この画像には、様々な構造的損傷が見られます。主な損傷は、裂け目、鉄筋の露出、腐食、剥がれ、部材の損失です。裂け目は、壁の一部が引き裂かれたような形状をしており、腐食によって鉄筋が露出しています。剥がれ
Q5_K_M,kensg-rebarexposureRb_137.png,7.504,5.00,257,この画像には、橋の構造的ダメージが把握できるものがあります。  主なダメージは、裂け目（crack）であり、その幅は軽度から中度のものです。裂け目は、橋の支撐材（rebar）が露出している部分であり、
Q5_K_M,kensg-rebarexposureRb_138.png,4.737,3.50,127,この画像において、構造的な損傷が観察されています。具体的には、腐食が進行しており、裏側に鋼管が露出しています。この損傷は、裏側に広がっており、構造的な弱点を示しています。損傷の程度は、重度であると考え
Q5_K_M,kensg-rebarexposureRb_139.png,7.658,2.00,216,このイメージにおいて、構造的損傷は、裂け目、鉄筋の露出、腐食、落朽、部材の損失によって特徴付けられます。裂け目は、強度の低下によって引き起こされ、構造的に重大な損傷です。鉄筋の露出は、裂け目の進行や腐
Q5_K_M,kensg-rebarexposureRb_140.png,7.668,3.00,220,この画像には、壁の下にある破損部分があります。この破損部分は、コロッセウムの壁に対して、重度の損傷を引き起こしています。この損傷は、壁の強度を減少させ、壁の安全性を損なう可能性があります。この破損部分
Q5_K_M,kensg-rebarexposureRb_141.png,5.171,3.00,139,この画像において、構造的損傷は、剥がれた鉄筋や腐食、裂け目、部材の損失などが観察されます。 これらの損傷は、壁の上部に集中しています。 剥がれた鉄筋や腐食は、構造的損傷の最も重大な要素であり、壁の安全
Q5_K_M,kensg-rebarexposureRb_142.png,3.906,2.00,116,この画像には、コンクリートの壁に対して、裂け目や腐食が見られます。壁の一部が剥がれ落ちていることも確認できます。この状況は、コンクリートの腐食や裂け目の進行によるものと考えられます。修理の必要性が高く
Q5_K_M,kensg-rebarexposureRb_143.png,5.477,3.50,154,この画像には、壁に対して損傷があることが分かります。具体的には、壁の一部が剥がれていることが確認できます。この損傷は、壁の強度を低下させ、長期的には壁の崩壊につながる可能性があります。損傷の具体的な位
Q5_K_M,kensg-rebarexposureRb_144.png,6.055,4.00,178,この画像には、施錠のための構造物の一部にある腐食が認められます。腐食により、構造物の強度が低下し、構造的な損傷が生じています。具体的には、構造物の一部が腐食し、腐食が進行していることが分かります。この
Q5_K_M,kensg-rebarexposureRb_145.png,4.322,4.00,110,この画像には、壁に対して損傷があることが分かります。壁に対して、破損があり、その破損は軽度です。破損の範囲は、壁の上部に限定されており、壁の下部には影響がありません。この破損は、壁の構造に対する重大な
Q5_K_M,kensg-rebarexposureRb_146.png,5.536,3.00,148,この画像には、歩道の下にある2本の柱に対して、壁に対する損傷があります。損傷の種類は、腐食による腐敗で、柱の表面には腐食が進んでいます。損傷の強度は、中程度で、柱の一部が失われています。損傷は、柱の上
Q5_K_M,kensg-rebarexposureRb_147.png,5.127,4.00,134,この画像には、橋の支柱に対して破損があることが分かります。破損の種類は、裂け目、鉄筋の露出、腐食、剥がれ、部材の損失です。破損の強度は、軽度、中度、重度の3段階で評価されます。破損は、支柱の一部に限定
Q5_K_M,kensg-rebarexposureRb_148.png,7.576,5.00,214,この画像において、構造的損傷が観察されています。具体的には、青い管に対して黄色の管が締め付けられており、管の内部には傷があります。傷の種類は、裂け目、筋鋼材の露出、腐食、剥がれ、部材の損失です。傷の強
Q5_K_M,kensg-rebarexposureRb_149.png,5.628,4.50,156,このイメージには、コンクリートの構造物に対して、複数の損傷が認められます。これらの損傷には、裂縫やコンクリートの脱落、腐食、剥がれ、および部材の損失が含まれます。損傷の強度は、軽度から重度までさまざま
Q5_K_M,kensg-rebarexposureRb_150.png,6.784,3.50,198,このイメージには、コンクリートの構造物に対して損傷が認められています。具体的には、コンクリートの欠損や剥がれ、腐食、および鋼管の露出が観察されています。これらの損傷は、建物の安全性に影響を与える可能性
Q5_K_M,kensg-rebarexposureRb_151.png,5.421,5.00,142,この画像には、橋の支柱に対して損傷があることが分かります。損傷の種類は、裂け目、鉄筋の露出、腐食、剥がれ、部材の損失です。損傷の強度は、軽度、中度、重度の3段階で評価されます。損傷は、支柱の一部分に限
Q5_K_M,kensg-rebarexposureRb_152.png,6.126,5.00,167,この画像には、壁に書かれた数値があり、その数値に応じて壁の損傷が認められます。損傷の種類は、裂け目、鋼管の露出、腐食、剥がれ、セクションの損失です。損傷の強度は、軽度、中度、重度のいずれかです。損傷は
Q5_K_M,kensg-rebarexposureRb_153.png,5.730,2.00,169,この写真には、コンクリートの壁に描かれた数多くの数学的な記号があります。これらの記号は、壁の損傷を表しています。壁には、複数の割れ目があり、その中には、コンクリートの損傷が見られます。これらの割れ目は
Q5_K_M,kensg-rebarexposureRb_154.png,5.797,2.50,162,この写真には、鋼管の損傷が観察されています。具体的には、鋼管の表面には剥がれた筋があり、その一部には錆びが生じています。この損傷は、鋼管の強度を低下させ、長期的には危険な状態に陥る可能性があります。損
Q5_K_M,kensg-rebarexposureRb_155.png,6.081,4.00,163,この画像には、コンクリートの構造物に対する損傷が観察されています。損傷の種類は、裂け目、鉄筋の露出、腐食、剥がれ、部材の損失です。損傷の強度は、軽度、中度、重度の3段階で評価されています。損傷は、コン
Q5_K_M,kensg-rebarexposureRb_156.png,5.034,3.50,134,この画像には、コンクリートの壁に対して損傷があることが分かります。壁には、剥がれた鉄筋が見られ、その一部は破損しています。この損傷は、軽度から中度の損傷に該当し、壁の一部から剥がれた鉄筋が広範囲にわた
Q5_K_M,kensg-rebarexposureRb_157.png,5.229,4.50,132,この画像には、架設構造物の損傷が認められます。損傷の種類は、剥がれ続けた鉄筋、腐食、落朽、部材の損失です。損傷の強度は、軽度から中度にあります。損傷は、構造物の上部に集中しており、その広範囲にわたって
Q5_K_M,kensg-rebarexposureRb_158.png,4.957,5.00,122,この画像には、道路橋の構造的損傷が認められます。損傷の種類は、裂け目、鉄筋の露出、腐食、落ち落ち、部材の損失です。損傷の重大度は、軽度から中度の範囲で、部分的な損傷から全体的な損傷まで様々です。損傷は
Q5_K_M,kensg-rebarexposureRb_159.png,7.678,0.00,202,この画像には、斜面の壁に描かれた数字があり、それらの数字は1140となっています。壁には、斜面の壁に対して斜めに描かれた数字があり、それらは1140となっています。この数字の描かれ方は、斜面の壁に対し
Q5_K_M,kensg-rebarexposureRb_160.png,3.841,3.00,103,この画像において、裏側の構造物には、腐食が進んでおり、塗装が剥がれていることが見られます。裏側には、構造物の一部が失われており、損傷の程度は重度です。この損傷は、裏側の構造物の腐食によるものと考えられ
Q5_K_M,kensg-rebarexposureRb_161.png,6.584,3.00,186,この画像には、コンクリートの壁に破損があり、その破損は裂け目やコンクリートの脱落によるものです。 この破損は、壁の強度を低下させ、耐久性を損なう可能性があります。 破損の強度は、軽度から重度までの様々
Q5_K_M,kensg-rebarexposureRb_162.png,7.503,2.50,209,この画像には、壁の縁にある鋼管に対して、複数の文字が書かれています。この文字は、日本語で書かれており、壁の縁に対して損傷があることを示しています。具体的には、鋼管の一部が剥がれ落ちており、壁の縁に対し
Q5_K_M,kensg-rebarexposureRb_163.png,5.769,4.00,154,この画像には、コンクリートの壁に対して損傷があります。 損傷の種類は、裂け目、鉄筋の露出、腐食、落散、部材の損失です。 損傷の強度は、軽度、中度、重度で分類されます。 損傷は壁の広範囲にわたって存在し
Q5_K_M,kensg-rebarexposureRb_164.png,6.148,2.50,183,この画像には、施錠された構造物の壁に書かれた数学的な記号があります。記号は、数値を表すように見えますが、具体的な数学的な定義は不明です。壁には、腐食や裂け目があり、その一部が剥がれています。これらの損
Q5_K_M,kensg-rebarexposureRb_165.png,5.099,5.00,133,この画像には、道路の支柱に対して損傷があります。損傷の種類は、裂け目、鉄筋の露出、腐食、落葉、部材の損失です。損傷の強度は、軽度、中度、重度で分類されます。損傷は支柱の下部に集中しており、支柱の一部が
Q5_K_M,kensg-rebarexposureRb_166.png,6.881,3.50,202,この画像には、コンクリートの壁に対して大きな損傷があることが分かります。壁の下には、砂や小石が散らばっており、その中には石膏の破片も含まれています。この損傷は、コンクリートの壁に対して重度の損傷であり
Q5_K_M,kensg-rebarexposureRb_167.png,3.828,4.00,100,この画像には、壁の下にある石の割れ目があり、その割れ目は壁の損傷の一例です。割れ目の傷の程度は軽度であり、壁の一部が損傷しています。壁の損傷の範囲は、割れ目の下の一部であり、壁の上部には影があります。
Q5_K_M,kensg-rebarexposureRb_168.png,3.716,1.00,86,この画像には、壁に対して傷ついた構造物があります。傷は、裂け目、剥がれ、腐敗、落朽、部材の損失など、様々な種類の損傷を含んでいます。壁に対して傷が深いため、修理が必要です。
Q5_K_M,kensg-rebarexposureRb_169.png,6.060,3.00,165,この画像には、壁に刻まれた文字から、「壁の裂け目」と「壁の剥がれ」という単語が確認できます。壁の裂け目は、壁の剥がれによって引き起こされることが多いです。壁の剥がれは、壁の構造において重要な問題であり
Q5_K_M,kensg-rebarexposureRb_170.png,5.537,5.00,156,この画像には、道路の壁に対して傷があることが分かります。傷の種類は、裂け目、鉄筋の露出、腐食、落ち落ち、部材の損失です。傷の強度は、軽度、中度、重度の3段階で評価されます。傷の位置は、壁の上部と下部に
Q5_K_M,kensg-rebarexposureRb_171.png,4.945,4.50,135,この画像において、吊り下げの構造的損傷が観察されています。具体的には、鋼管の表面に腐食が進んでおり、その結果、鋼管の内部に鋼材が露出しています。この損傷は軽度から中度のものと考えられます。損傷の範囲は
Q5_K_M,kensg-rebarexposureRb_172.png,6.464,0.50,192,この画像には、コンクリートの構造物に対して損傷があることが分かります。具体的には、コンクリートの壁に数字が書かれており、その数字が損傷していることが確認できます。また、コンクリートの壁には、落ちた石や
Q5_K_M,kensg-rebarexposureRb_173.png,4.735,3.50,149,この画像には、橋の構造的ダメージが見られます。このダメージは、裂け目、締め剥がされた鉄筋の表面、腐食、破砕、部材の損失など、様々な形で表現されています。このダメージは、比較的軽度であり、特定の部分に集
Q5_K_M,kensg-rebarexposureRb_174.png,4.650,2.00,139,この画像において、構造的ダメージは、裂け目、鉄筋の露出、腐食、剥がれ、部材の損失といったものが観察されています。 これらのダメージは、建物の壁や構造物において、激しい傷つきや壊れが見られます。 これら
Q5_K_M,kensg-rebarexposureRb_175.png,5.114,2.50,144,この画像には、壁の石の一部が剥がれている損傷があります。この損傷は、壁の石の一部が剥がれただけであり、壁の構造には大きな影響を与えていません。損傷の強度は軽度であり、壁の一部の石が剥がれているだけです
Q5_K_M,kensg-rebarexposureRb_176.png,5.690,4.00,149,この画像において、壁に対して損傷が認められています。損傷の種類は、裂け目、鉄筋の露出、腐食、剥がれ、部材の損失です。損傷の強度は、軽度、中度、重度の3段階で評価されます。損傷は、壁の一部に限定されてお
Q5_K_M,kensg-rebarexposureRb_177.png,3.056,4.50,82,この画像に描かれた構造的損傷は、裂け目（Crack）であり、その傷の優先順位は軽度（Minor）です。損傷はタンクの上部にあり、その広範囲にわたって存在しています。
Q5_K_M,kensg-rebarexposureRb_178.png,5.379,3.00,163,この画像には、構造的な損傷が見られます。具体的には、コンクリート製のアーチにおいて、裂け目が見られます。この裂け目は、アーチの構造に深刻な損傷を与えています。また、アーチの一部が失われていることも明ら
Q5_K_M,kensg-rebarexposureRb_179.png,7.696,4.50,228,この画像には、コンクリートの構造物に対して複数の損傷が認められます。  1. 裂け目：コンクリートの表面に広範囲にわたる裂け目があり、その中には小さな石が浮き出ています。 2. 腐食：コンクリートの表
Q5_K_M,kensg-rebarexposureRb_180.png,5.688,5.00,147,この画像において、壁に対して損傷があります。損傷の種類は、裂け目、鉄筋の露出、腐食、剥がれ、部材の損失です。損傷の強度は、軽度、中度、重度の3段階で評価されます。損傷は壁の下部にあり、広範囲にわたって
Q5_K_M,kensg-rebarexposureRb_181.png,4.244,3.00,116,この画像には、コンクリートの構造物に対して重大な損傷が認められます。具体的には、コンクリートの一部が落ちており、その破損部分が広範囲にわたっています。この損傷は、強度の低下によるものと考えられます。こ
Q5_K_M,kensg-rebarexposureRb_182.png,4.671,3.50,118,この画像において、構造的な損傷が観察されています。具体的には、筋交点の損傷、腐食、裂け目、欠損部分などが認められます。損傷の傾向は、軽度から中度のものが多く、欠損部分も見られます。これらの損傷は、橋の
Q5_K_M,kensg-rebarexposureRb_183.png,5.216,4.50,154,この画像には、橋の支柱における構造的ダメージが認められます。具体的には、支柱の一部が失われていることが確認できます。このダメージは、軽度から中度のものと考えられます。この部分の損傷は、剥がれ、腐食、お
Q5_K_M,kensg-rebarexposureRb_184.png,7.675,2.00,210,この画像において、壁に対して描かれた数値は250です。壁に対して直角に描かれており、数値が250であることがわかります。壁に対する数値の描画は、壁の損傷を認識するためのものであると考えられます。壁には
Q5_K_M,kensg-rebarexposureRb_185.png,3.253,0.00,108,この画像には、壁に書かれた数字があり、その数字の下には「10000000」という数字があります。壁にはまた、「10000000」という数字が書かれています。この壁には、「10000000」という数字が
Q5_K_M,kensg-rebarexposureRb_186.png,7.286,0.00,249,この画像には、壁に描かれた鳥の絵があり、その下には「オルカル」と書かれています。また、その下には「3000000」という数字が書かれています。この絵や数字はどのような意味を持つのでしょうか？  この壁
Q5_K_M,kensg-rebarexposureRb_187.png,3.768,4.00,91,この画像には、道路の支撐材の損傷が見られます。損傷の種類は、鋼管の表面における裂け目であり、損傷の強度は、軽度です。損傷の範囲は、支撐材の一部分に限られ、損傷の広がりは、小さいです。
Q5_K_M,kensg-rebarexposureRb_188.png,5.293,4.00,142,この画像には、斜張りの損傷があることが分かります。損傷の種類は、裂け目、鋼管の露出、腐食、落敗、部材の損失です。損傷の傷度は、軽度、中度、重度です。損傷は、壁の一部に限定されており、壁の広範囲にわたっ
Q5_K_M,kensg-rebarexposureRb_189.png,3.757,5.00,97,この画像には、壁に対して傷があることが明らかです。傷の種類は、裂け目、鉄筋の露出、腐食、剥がれ、部材の損失です。傷の強度は、軽度、中度、重度です。傷の場所は、壁の上部で、広範囲にわたっています。
Q5_K_M,kensg-rebarexposureRb_190.png,4.877,2.00,131,この画像には、壁の破損が見られます。壁の一部が剥がれ、破損しています。この破損は、壁の強度を低下させ、長期的には壁の崩壊につながる可能性があります。破損の広範囲であり、壁の半分以上が損傷を受けています
Q5_K_M,kensg-rebarexposureRb_191.png,3.595,1.00,98,この画像には、壁の破損が認められます。壁には、割れ目があり、コロッセウムの壁のような状態です。この破損は、壁の強度を低下させ、長期的な壊れを引き起こす可能性があります。壁の破損は、修理が必要です。
Q5_K_M,kensg-rebarexposureRb_192.png,4.835,5.00,129,この画像には、橋の構造的損傷が見られます。損傷の種類は、歪曲、鉄筋の露出、腐食、剥落、セクションの損失です。損傷の強度は、軽度、中度、重度で、それぞれの場所と程度に応じて評価されます。損傷は、橋の支撐
Q5_K_M,kensg-rebarexposureRb_193.png,3.726,2.50,100,この画像には、壁に対して破損があることが明らかです。壁の一部が剥がれていることが主な破損です。この破損は、軽度のものであり、壁の一部が失われています。破損は、壁の構造に対して重大な影響を与えています。
Q5_K_M,kensg-rebarexposureRb_194.png,5.907,5.00,158,この画像には、壁に描かれた損傷があります。損傷の種類は、裂け目、鉄筋の露出、腐食、剥がれ、セクションの損失です。損傷の強度は、軽度、中度、重度の3段階で評価されています。損傷は、壁の一部分に限定されて
Q5_K_M,kensg-rebarexposureRb_195.png,4.251,0.50,130,この画像には、架橋の壁に寄せられた数学的な式が書かれています。壁には、数学的式の描写が施されており、その中には「3+4=7」といった式が含まれています。壁の損傷に関する情報はありませんが、壁に寄せられ
Q5_K_M,kensg-rebarexposureRb_196.png,5.271,5.00,147,この画像において、壁に対して描かれた赤い線が、壁の損傷を示しています。損傷の種類は、裂け目、鉄筋の露出、腐食、落葉、部材の損失です。損傷の重大度は、軽度から中度にあります。損傷は壁の上部に集中しており
Q5_K_M,kensg-rebarexposureRb_197.png,4.715,2.50,136,この画像には、道路の支撐材に対して、壊れた部分があることが分かります。具体的には、支撐材の一部が剥がれており、腐食が進んでいることが考えられます。この壊れた部分は、支撐材の強度が低下しているため、長期
Q5_K_M,kensg-rebarexposureRb_198.png,5.913,4.00,161,この画像には、壁に書かれた日本語の文字と、壁に刻まれた十字架のような形状の痕跡があります。痕跡は、壁の損傷を示しており、壁の損傷の種類は、裂け目、鉄筋の露出、腐食、剥がれ、セクションの損失です。損傷の
Q5_K_M,kensg-rebarexposureRb_199.png,7.629,4.50,212,この画像には、橋の構造物に対して複数の損傷が認められます。  1. 損傷の種類： 	* 裂け目：2つの場所で裂け目が認められます。 	* 破砕：構造物の一部が破砕しています。 	* 腐食：腐食が進行し
Q5_K_M,kensg-rebarexposureRb_200.png,4.904,4.00,144,この画像には、コンクリートの構造物に対する損傷が認められます。具体的には、コンクリートの表面に露出した鉄製の材料が認められ、その部分が壊れていることが分かります。この損傷は、軽度から中度のものと考えら
Q5_K_M,kensg-rebarexposureRb_201.png,6.438,3.50,190,この画像には、橋の構造的ダメージが認められます。具体的には、コンクリートの剥がれや腐食が認められます。また、施錠の破損も確認できます。これらの損傷は、橋の安全性に懸念されるほどのものです。具体的には、
Q5_K_M,kensg-rebarexposureRb_202.png,4.329,2.00,124,この画像には、橋の構造に対する損傷が認められます。具体的には、壁の一部が腐食しており、縫合が必要となっています。また、構造体の一部が腐食しており、強度が低下していることが確認できます。これらの損傷は、
Q5_K_M,kensg-rebarexposureRb_203.png,7.647,2.00,230,この画像には、道路の支撐材としての鋼管が、壁に取り付けられていることが分かります。その鋼管には、製品の認証番号が記載されています。  壁には、鋼管の一部が脱落していることが分かります。この脱落した部分
Q5_K_M,kensg-rebarexposureRb_204.png,7.623,0.00,198,この画像には、壁に対して寝かせるような傾斜があり、その傾斜が壁の壁に対して傾斜していることがわかります。この傾斜は、壁の壁に対して傾斜していることから、壁の壁に対して傾斜していることがわかります。この
Q5_K_M,kensg-rebarexposureRb_205.png,6.946,5.00,217,この画像において、吊り下げられた測量器には、「15.000x0.300」と書かれています。その測量器を持っている人の手には、「2011年3月1日」と書かれています。  構造的損傷は、「割れ目」、「鉄筋
Q5_K_M,kensg-rebarexposureRb_206.png,5.055,5.00,138,この画像には、壁に描かれた赤い数字があり、壁に対して傷があります。傷の種類は、歪み、鉄筋の露出、腐食、剥がれ、部材の損失です。傷の重大度は、軽度、中度、重度です。傷の位置は、壁の上部、下部、側面にあり
Q5_K_M,kensg-rebarexposureRb_207.png,5.815,4.00,158,この画像において、構造的な損傷が観察されています。具体的には、壁に対して破損が生じており、その破損部分が広範囲にわたっています。この損傷は、壁の強度を低下させ、長期的には壁の崩壊につながる可能性があり
Q5_K_M,kensg-rebarexposureRb_208.png,5.094,4.00,134,この画像には、コンクリートの構造物に対する損傷が認められます。損傷の種類は、裂け目、鉄筋の露出、腐食、落敗、部材の損失です。損傷の強度は、軽度、中度、重度の3段階で評価されます。損傷は、壁の上部に集中
Q5_K_M,kensg-rebarexposureRb_209.png,5.115,0.50,138,この画像には、壁に対して破損があることが分かります。壁に対する破損は、壁の厚さに対して深い縦方向の破損であり、壁の厚さの約50%に達しています。この破損は、壁の強度を低下させ、将来的に壁の崩壊を引き起
Q5_K_M,kensg-rebarexposureRb_210.png,5.451,1.50,154,この画像には、壁に書かれた赤い描画と、壁の下にある壊れた石があります。壁に書かれた描画は、「2010年2月20日」という日付が書かれています。壊れた石は、壁の下にあり、壁に対して傾いています。この壊れ
Q5_K_M,kensg-rebarexposureRb_211.png,5.335,3.00,152,この画像には、壁の一部が壊れていることが分かります。壊れた部分は、コンクリートの裂け目であり、壁の強度が低下していることが示唆されています。この損傷は、裂け目の広範囲で起こっており、壁の強度が低下して
Q5_K_M,kensg-rebarexposureRb_212.png,7.619,2.50,226,この画像には、壁に対する様々な損傷が見られます。 最も明確な損傷は、壁の一部が落ちてしまっていることです。 この損傷は、壁の強度を低下させ、長期的な損傷を引き起こす可能性があります。 この損傷は、壁の
Q5_K_M,kensg-rebarexposureRb_213.png,5.622,3.00,160,この画像には、壁に対して損傷があることが分かります。具体的には、壁に対して割れ目があり、その割れ目の幅は中程度です。また、壁に対して損傷がある部分の広さは中程度です。この損傷は、壁の強度を低下させ、長
Q5_K_M,kensg-rebarexposureRb_214.png,6.135,2.00,179,この画像には、コンクリートの構造物における損傷が見られます。具体的には、壁面に対して割れ目があり、その中に穴が開いています。この損傷は、重度のものと考えられます。この損傷は、壁面のコンクリート材料に対
Q5_K_M,kensg-rebarexposureRb_215.png,6.308,3.00,166,この画像には、コンクリートの壁に対して、損傷が認められています。壁に対して、複数の傷が見られます。この損傷は、コンクリートの腐敗や破損によるものです。壁の一部が剥がれ落ちていることもあります。この損傷
Q5_K_M,kensg-rebarexposureRb_216.png,5.547,5.00,147,この画像には、道路橋の構造物における損傷が明らかになっています。損傷の種類は、破綻、鉄筋の露出、腐食、落汀、部材の損失です。損傷の強度は、軽度、中度、重度の3段階で評価されます。損傷は、橋の上部にあり
Q5_K_M,kensg-rebarexposureRb_217.png,6.827,1.00,202,この画像には、壁に刻まれた文字があり、その上に横並びに3つの赤い標識が置かれています。そのうち1つの標識は、「57」と「117」という数字が書かれており、これらは建物の構造物の強度試験に関連するもので
Q5_K_M,kensg-rebarexposureRb_218.png,7.652,3.50,226,この画像には、コンクリートの構造物に対して悪影響を与える損傷が見られます。具体的には、コンクリートの裂け目があり、その中には破損した材料が見られます。また、コンクリートの表面には落ちた破片があり、その
Q5_K_M,kensg-rebarexposureRb_219.png,5.507,5.00,149,この画像には、コンクリートの構造物に対する損傷が認められます。損傷の種類は、裂け目、鉄筋の露出、腐食、剥がれ、セクションの損失です。損傷の強度は、軽度、中度、重度の3段階で評価されます。損傷の位置は、
Q5_K_M,kensg-rebarexposureRb_220.png,5.549,3.00,176,この画像には、コンクリートの構造物に対して腐食が進んでいることが明らかです。具体的には、コンクリートの一部が剥がれ落ちており、腐食が進んでいることが確認できます。この状況は、修理が必要となります。修理
Q5_K_M,kensg-rebarexposureRb_221.png,5.617,1.00,170,この画像には、コンクリートの壁に対して、赤いペイントで描かれた、犬のイラストが描かれています。 壁には、壁の縁に対して、犬のイラストが描かれており、その上には、犬のイラストの中心に対して、犬のイラスト
Q5_K_M,kensg-rebarexposureRb_222.png,7.570,3.00,226,この画像には、コンクリートの構造物に対して複数の損傷が認められます。 具体的には、コンクリートの壁に対して、複数の裂け目が見られます。 これらの裂け目は、コンクリートの強度を低下させ、構造物の安全性に
Q5_K_M,kensg-rebarexposureRb_223.png,6.060,3.00,173,この画像には、破綻した橋の構造物に対する損傷が認められます。具体的には、コンクリートの壁に対して、複数の割れ目が存在しており、そのうちの一部は比較的軽度の損傷を示しています。また、壁の一部には破綻した
Q5_K_M,kensg-rebarexposureRb_224.png,5.072,2.50,136,この画像には、壁に対して傷があることが分かります。壁の一部が剥がれ落ちていることが明らかで、これは壁の損傷の一例です。壁の損傷の種類は、剥がれ落ちた部分の損傷であり、傷の強度は中程度です。壁の損傷は、
Q5_K_M,kensg-rebarexposureRb_225.png,5.279,2.50,150,この画像には、橋の構造物における損傷が明らかになっています。具体的には、縫合部分の破損が認められており、裂け目の幅が約20センチであることが分かります。また、損傷の深さは中程度であり、損傷が続いている
Q5_K_M,kensg-rebarexposureRb_226.png,4.364,4.50,124,この画像には、道路の下にある壁の破損部分があります。破損部分は、コンクリートの剥がれ、腐食、および壁の損傷によって引き起こされました。この破損部分は、道路の下にあり、広範囲にわたっています。この破損部
Q5_K_M,kensg-rebarexposureRb_227.png,7.581,4.00,202,この画像には、コンクリートの壁に対して大きな損傷があります。損傷の種類は、裂け目、鉄筋の露出、腐食、剥がれ、部材の損失です。損傷の強度は、軽度、中度、重度の3段階で評価されます。裂け目は、壁の幅にわた
Q5_K_M,kensg-rebarexposureRb_228.png,7.568,1.00,228,この画像には、壁に対して縦方向に描かれた線があり、その線が壁の弱点を示しています。壁には、縦方向に描かれた線が2つあり、その線が壁の弱点を示しています。壁の弱点の一つは、壁の上部にあり、線が壁の弱点を
Q5_K_M,kensg-rebarexposureRb_229.png,5.043,5.00,128,この画像には、壁に対して破損があることが分かります。破損の種類は、裂け目、鉄筋の露出、腐食、落ち落ち、部材の損失です。破損の傷度は、軽度、中度、重度です。破損は壁の上部にあり、広範囲にわたっています。
Q5_K_M,kensg-rebarexposureRb_230.png,4.932,1.50,144,この画像において、壁には複数の破損があります。その中でも、壁の一部が剥がれ落ちていることが特に目立ちます。この破損は、壁の構造に対する重大なダメージを引き起こしています。この破損は、壁の強度を低下させ
Q5_K_M,kensg-rebarexposureRb_231.png,5.564,3.50,167,この画像において、壁の下にある傷んでいる部分には、裂け目があり、コロッセウムが見られます。この裂け目は、壁の強度を低下させ、壁の構造に悪影響を与えています。この壁の傷は、軽度から中度の傷であり、壁の一
Q5_K_M,kensg-rebarexposureRb_232.png,6.086,3.50,178,この画像には、コンクリートの構造物に対して複数の損傷が認められています。その中でも、コンクリートの剥がれが著しく、壊れた部分が見られます。また、構造物の一部が損傷していることが明らかです。これらの損傷
Q5_K_M,kensg-rebarexposureRb_233.png,4.334,2.50,127,この画像には、道路橋の構造的ダメージが観察されています。 そのダメージは、裂け目、鋼管の露出、腐食、破砕、部材の損失などです。 これらのダメージは、橋の強度を低下させ、安全性を損なう可能性があります。
Q5_K_M,kensg-rebarexposureRb_234.png,4.234,2.50,118,この画像には、壁に掛かった板に「C1」と書かれています。その下には、壁に対して損傷があり、裏側から見ると、壁の一部が剥がれています。この損傷は、裏側から見ると、壁の一部が剥がれていることが分かります。
Q5_K_M,kensg-rebarexposureRb_235.png,7.589,1.00,252,この画像には、建物の壁に対して、赤い線が描かれています。線の上には、数値が書かれており、その数値は、1.06mです。壁の下には、建物の壁に対して、赤い線が描かれています。この線の上には、数値が書かれて
Q5_K_M,kensg-rebarexposureRb_236.png,4.745,1.50,129,この画像において、壁には割れ目や腐食、溶岩の落下などの様々な損傷があります。壁の表面には、腐食が進んでおり、壁の半分以上が失われています。この損傷は、壁の強度が低下し、壁の崩壊の危険性が高まっているこ
Q5_K_M,kensg-rebarexposureRb_237.png,5.546,1.00,152,この画像には、壁に残った汚れや汗の跡があり、その一部には、壁の表面に寄生した菌や植物が見えます。これらの汚れや汗の跡は、壁の維持管理や清掃の問題となります。また、壁に残った汚れや汗の跡は、壁の耐久性を
Q5_K_M,kensg-rebarexposureRb_238.png,4.533,2.50,119,この画像には、壁の破損が見られます。壁には、破損の痕跡があり、その破損は重度であることが分かります。破損は、壁の底部にあり、その破損の範囲は、壁の半分に及ぶことがわかります。この破損は、壁の構造に対し
Q5_K_M,kensg-rebarexposureRb_239.png,6.624,3.00,199,この画像には、道路の上にある橋の構造的ダメージが見られます。具体的には、壁の一部が剥がれ落ちていること、壁に沿って裏側の構造材料が露出していること、そして壁の一部が剥がれ落ちていることが認められます。
Q5_K_M,kensg-rebarexposureRb_240.png,4.914,3.50,127,この画像には、壁の上にある石の破損があります。破損の種類は、剥がれ、腐食、裂け目、欠損です。破損の強度は、軽度、中度、重度の3段階で評価されます。破損は、壁の一部のみに限定されており、広範囲に及びませ
Q5_K_M,kensg-rebarexposureRb_241.png,4.297,4.00,111,この画像には、壁の下にある壁の破損部分があります。壁の下にある壁の破損部分は、腐食による腐敗が起こっています。この破損部分は、壁の下にある壁の破損部分の中で最も広範囲にわたっています。この破損部分は、
Q5_K_M,kensg-rebarexposureRb_242.png,5.492,2.50,154,この画像には、建物の壁にある穴があり、その穴の周りには測定器が置かれています。穴の中には、小さな板が入っています。穴の状態は、軽度の損傷であると考えられます。穴の周りには、測定器が対象とする範囲内にあ
Q5_K_M,kensg-rebarexposureRb_243.png,4.635,0.50,119,この画像には、壁に掛かった横断材の倒塌の痕跡があります。倒塌の痕跡は、壁の構造に対して重大なダメージを与えています。壁の構造に対しては、壁の損傷が著しく、修理が必要となっています。壁の損傷は、壁の構造
Q5_K_M,kensg-rebarexposureRb_244.png,4.699,2.50,130,この画像には、壁に対して損傷があることが分かります。具体的には、壁の一部が剥がれていることが観察されます。この損傷は、軽度から中度の損傷であり、壁の幅の約3分の1に及んでいます。この損傷は、壁の強度を
Q5_K_M,kensg-rebarexposureRb_245.png,3.979,3.50,102,この画像に描かれた構造的ダメージは、壁の割れ裂きという種類で、軽度の損傷であると考えられます。壁の割れ裂きは、壁の構造に損傷を与えるため、修理が必要です。この壁の損傷は、壁の一部を失うことにつながりま
Q5_K_M,kensg-rebarexposureRb_246.png,5.756,4.00,158,この画像には、コンクリートの壁に対して、欠損があることが分かります。欠損の種類は、裂け目、鉄筋の露出、腐食、剥がれ、部材の損失です。損傷の優先度は、軽度、中度、重度で分類されます。損傷の位置は、壁の上
Q5_K_M,kensg-rebarexposureRb_247.png,4.196,3.00,110,この画像には、壁に対して損傷があることが分かります。具体的には、壁に対して割れ目があり、その割れ目が壁の幅の約3分の範囲内に広がっています。この損傷は軽度のものであり、壁の強度に対して適切な程度のダメ
Q5_K_M,kensg-rebarexposureRb_248.png,7.630,4.00,214,この画像には、コンクリートの構造物に対する損傷が認められます。損傷の種類は、裂け目、鉄筋の露出、腐食、落敗、部材の損失です。損傷の強度は、軽度、中度、重度の3段階で評価されます。裂け目は、コンクリート
Q5_K_M,kensg-rebarexposureRb_249.png,6.673,4.00,174,この画像には、壁に対して横から落下したり、歪んだりした構造物の損傷があります。損傷の種類は、腐食、裂け目、破損、裂け落ち、部材の損失です。損傷の強度は、軽度、中度、重度で分類されます。損傷は、壁の一部
Q5_K_M,kensg-rebarexposureRb_250.png,6.802,3.50,186,この画像には、橋の構造物に対する損傷が観察されています。具体的には、壁に対する損傷が認められており、これはコロッセウムの壁に対する損傷であることが示唆されています。損傷の種類は、破維、コロッセウムの壁
Q5_K_M,kensg-rebarexposureRb_251.png,6.539,3.50,187,この画像には、コンクリートの壁に対して、壁の傷があることが分かります。壁の傷は、コンクリートの壁に対して、複数の割れ目があり、そのうちの一部は、壁の傷が深いことが分かります。この壁の傷は、軽度から中度
Q5_K_M,kensg-rebarexposureRb_252.png,4.733,5.00,125,この画像において、壁に対して傷があります。傷の種類は、裂け目、鋼管の露出、腐食、剥がれ、部材の損失です。傷の深さは、軽度、中度、重度の3段階で評価されます。傷の位置は、壁の上部と下部にあり、壁全体に広
Q5_K_M,kensg-rebarexposureRb_253.png,5.381,2.50,164,この画像には、コンクリートの壁に対して大きな損傷があります。壁の一部が剥がれ落ちており、コンクリートの表面には大きな石が置かれています。この損傷は、複数の壁に広がっており、壁の強度が低下していることが
Q5_K_M,kensg-rebarexposureRb_254.png,4.586,0.50,135,この画像には、壁の下にある穴に入り込んでいる汚れがあります。この汚れは、腐食や酸化によって引き起こされる可能性があります。この状況は、建物の構造に悪影響を与える可能性があります。この状況を改善するため
Q8_0,kensg-rebarexposureRb_001.png,6.495,4.50,136,この画像には、壁の傷があることが分かります。壁の一部が剥がれていることが考えられます。壁の傷の種類は、破損、コロッセウムの露出、腐食、落敗、部材の損失です。傷の重大度は、軽度、中度、重度です。壁の傷の
Q8_0,kensg-rebarexposureRb_002.png,6.488,3.00,124,この画像において、壁に対して損傷が見られます。壁に対して割れ目があり、その割れ目は壁の縁に対して広範囲にわたって存在しています。この損傷は重度であり、壁の構造に対して脆弱性を示しています。損傷の範囲は
Q8_0,kensg-rebarexposureRb_003.png,6.854,5.00,139,この画像には、壁に取り付けられた横断材の一部が損傷していることが分かります。損傷の種類は、裂け目、鉄筋の露出、腐食、剥落、部材の損失です。損傷の重大度は、軽度、中度、重度で分類されます。損傷の場所と広
Q8_0,kensg-rebarexposureRb_004.png,7.153,2.50,157,この画像には、壁に対する壊れた部分があります。壊れた部分は、壁の表面にあり、広範囲にわたっています。壊れた部分は、裂け目として認識できます。この裂け目は、壁の強度を低下させ、壊れやすくなっています。裂
Q8_0,kensg-rebarexposureRb_005.png,6.254,0.50,129,この画像には、壁に刻まれた文字とともに、壁の下にある鋼管の痕跡があります。この鋼管の痕跡は、壁に対する力の強い負荷がかかったことを示しており、壁の損傷の程度は「中程度」と考えられます。この損傷は、壁の
Q8_0,kensg-rebarexposureRb_006.png,6.598,3.00,136,この画像には、橋の構造物に対して軽微な損傷が認められています。具体的には、壁に対して半径約10cmの縦割れがあり、その周囲には約3cmの縦割れが見られます。これらの損傷は、壁の強度が低下していることを
Q8_0,kensg-rebarexposureRb_007.png,7.308,5.00,148,この画像において、構造的損傷が観察されています。  損傷の種類は、縫合破損、鉄筋の露出、腐食、落敗、部材の損失です。  損傷の重大度は、軽度、中度、重度です。  損傷の場所と広がりは、上部、中部、下部
Q8_0,kensg-rebarexposureRb_008.png,6.343,4.00,130,この画像には、コンクリートの構造物に対する損傷が見られます。損傷の種類は、裂け目、鉄筋の露出、腐食、落敗、部材の損失です。損傷の重大度は、軽度、中度、重度で分類されます。損傷は、壁の上部に集中していま
Q8_0,kensg-rebarexposureRb_009.png,9.095,3.50,194,このイメージには、橋の支柱に対して著しい損傷があります。この損傷は、腐食や裂け目、裂け落とし、部材の損失など、様々な形で表現されています。この損傷は、支柱の一部または全体に広がっており、その強度は軽度
Q8_0,kensg-rebarexposureRb_010.png,10.155,4.00,234,この画像において、壁の構造的ダメージは、剥がれた鉄筋や腐食、裂け目、部材の損失などが認められます。これらのダメージは、壁の強度を低下させ、長期的な耐久性を損なう可能性があります。具体的には、壁の一部が
Q8_0,kensg-rebarexposureRb_011.png,7.706,4.00,166,この写真には、コンクリートの構造物に対して著しい損傷があります。具体的には、コンクリートの壁に対して、複数の縫合線が露出しており、その一部が損傷しています。また、壁の一部が剥がれ落ちていることも確認で
Q8_0,kensg-rebarexposureRb_012.png,4.958,1.50,103,このイメージにおいて、壁には破綻があり、破綻の種類は裂け目であることが分かります。破綻の強度は中等度であり、壁の一部が失われていることが明らかです。この破綻は壁の底部にあり、壁全体の約30%に及んでい
Q8_0,kensg-rebarexposureRb_013.png,8.359,3.00,172,この画像には、壁に固定された箱の中にある、様々な種類の損傷が見えます。その中には、裂け目、鉄筋の露出、腐食、剥がれ、部材の損失などが含まれます。これらの損傷は、壁の構造に対する重大なダメージを引き起こ
Q8_0,kensg-rebarexposureRb_014.png,7.668,2.50,151,この画像には、壁に書かれた数字と、壁に対して寄せられた紙があります。紙には、「この壁の半分が損傷しています」と書かれています。壁には、縦の溝があり、その溝の中には、壁の損傷が見られます。損傷の種類は、
Q8_0,kensg-rebarexposureRb_015.png,7.055,4.00,138,この画像には、壁に刻まれた文字があり、その壁に対して損傷があります。損傷の種類は、裂け目、鉄筋の露出、腐食、剥落、セクションの損失です。損傷の強度は、軽度、中度、重度です。損傷は壁の一部であり、壁の幅
Q8_0,kensg-rebarexposureRb_016.png,5.831,5.00,120,この画像には、壁に対して傷があることが分かります。傷の種類は、裂け目、鉄筋の露出、腐食、剥がれ、セクションの損失です。傷の傷度は、軽度、中度、重度です。傷は、壁の上部にあり、広範囲にわたっています。こ
Q8_0,kensg-rebarexposureRb_017.png,10.235,5.00,263,この画像には、橋の構造物に対する損傷が確認されています。具体的には、煙突の構造物に対する損傷が見られます。この損傷は、裂け目（crack）、鉄筋の露出（rebar exposure）、腐食（corro
Q8_0,kensg-rebarexposureRb_018.png,8.758,4.00,179,この画像には、コンクリートの構造物に対して、複数の損傷が認められます。その損傷の種類は、裂け目、鉄筋の露出、腐食、落ち落ち、部材の損失です。損傷の強度は、軽度、中度、重度の3段階で評価されます。この損
Q8_0,kensg-rebarexposureRb_019.png,7.412,5.00,154,このイメージには、吊り橋の上にある構造的な損傷が見られます。損傷の種類は、裂け目、鉄筋の露出、腐食、落ち落ち、部品の損失です。損傷の強度は、軽度、中度、重度で分類されます。損傷は、吊り橋の上部に集中し
Q8_0,kensg-rebarexposureRb_020.png,6.055,4.00,117,この画像には、壁の傷が確認できます。傷の種類は、裂け目、鉄筋の露出、腐食、破砕、部材の損失です。傷の強度は、軽度、中度、重度です。傷は、壁の一部であり、広範囲にわたっています。この壁には、壁の強度が低
Q8_0,kensg-rebarexposureRb_021.png,4.718,3.00,97,この画像には、壁に対して割れ目があることが分かります。割れ目の状態は軽度であり、壁の表面にあるため、壁の損傷の範囲は限定的です。この割れ目は、壁の構造に対する軽微なダメージを引き起こしています。
Q8_0,kensg-rebarexposureRb_022.png,6.254,4.00,131,この画像には、壁の傷があることが分かります。傷の種類は、裂け目、鉄筋の露出、腐食、落ち落ち、部材の損失です。傷の傷度は、軽度、中度、重度です。傷は、壁の下にあり、一部の壁の広範囲にわたっています。この
Q8_0,kensg-rebarexposureRb_023.png,7.161,5.00,153,この画像には、壁に対して傷があることが分かります。傷の種類は、裂け目、鉄筋の露出、腐食、剥がれ、部材の損失です。傷の強度は、軽度、中度、重度で、壁の一部が損失していることが明らかです。壁の位置は、上部
Q8_0,kensg-rebarexposureRb_024.png,5.826,4.00,125,この画像には、橋の構造的ダメージが明らかになっています。  * 損傷の種類：裂け目、鉄筋の露出、腐食、落敗、部材の損失 * 損傷の重大度：軽度、中度、重度 * 損傷の位置：上部、下部、中央  このダメ
Q8_0,kensg-rebarexposureRb_025.png,9.198,2.50,176,この画像には、壁に対する損傷があります。壁の一部が崩落し、壁の下にある壁板が剥がれています。この損傷は、壁板の脱落と壁板の下にある壁板の剥がれによって引き起こされました。損傷の強度は「重度」であり、壁
Q8_0,kensg-rebarexposureRb_026.png,6.254,3.50,140,この画像には、壁に取り付けられた看板があり、その看板には「No.13」と書かれています。その看板の下には、壁の縁に沿って、縁が破れた箇所があります。この破れは、壁の強度を低下させ、損傷が進行する可能性
Q8_0,kensg-rebarexposureRb_027.png,6.853,5.00,140,この画像には、橋の支柱に対して破損があることが分かります。破損の種類は、裂け目、鉄筋の露出、腐食、剥がれ、部材の損失です。破損の強度は、軽度、中度、重度のいずれかです。破損は、支柱の上部に集中しており
Q8_0,kensg-rebarexposureRb_028.png,10.174,1.50,211,この画像には、壁に対して破損があることが分かります。具体的には、壁の一部が剥がれ落ちていること、裏側に壁が崩れていること、および壁の一部が剥がれ落ちていることが確認できます。これらの破損は、裏側に壁が
Q8_0,kensg-rebarexposureRb_029.png,9.725,1.50,237,この画像には、壁に取り付けられた横書きの紙に、「0.1」と「0.2」という数字が書かれており、その下に「0.22」と「0.24」という数字が書かれています。この紙には、「0.22」と「0.24」という
Q8_0,kensg-rebarexposureRb_030.png,9.162,3.50,180,この画像には、壁の損傷が見られます。壁には、裂け目や腐食、落朽などの損傷があり、壁の表面には破片が散らばっています。これらの損傷は、壁の強度が低下していることを示しており、修理が必要です。壁の損傷の種
Q8_0,kensg-rebarexposureRb_031.png,10.170,0.00,290,この画像には、コンクリートの壁に描かれた鳥の絵があり、その下に「オルカル」という文字が書かれています。壁には、鳥の絵の下に「10000000000000000000000000000000000000
Q8_0,kensg-rebarexposureRb_032.png,10.177,0.50,231,この画像には、橋の損傷が観察されています。具体的には、壁に対して約100mmの距離で、約30mmの高さで、約1000mmの幅で、約1000mmの長さの壁があります。壁には、約100mmの節間があり、約
Q8_0,kensg-rebarexposureRb_033.png,8.973,3.50,200,この写真には、橋の構造物に対する損傷が見られます。具体的には、剛性の材料である鋼管が露出しており、その一部が腐食していることが観察されます。また、橋の支撐材として使用される鋼管の一部が剥がれていること
Q8_0,kensg-rebarexposureRb_034.png,6.103,4.00,129,この画像には、道路の支柱に対して、補強材の露出や腐食、裂け目が見られます。これらの損傷は、強度の低下や耐久性の低下によって引き起こされています。この損傷は、重度のものであり、支柱の一部が失われる可能性
Q8_0,kensg-rebarexposureRb_035.png,8.676,4.00,174,この画像には、壁に対して垂直した板が投影されており、その板には数値が書かれています。壁には赤い線が描かれており、その線が壁の傷の位置を示しています。壁の傷は、裂け目や腐食、落敗、部材の損失などの様々な
Q8_0,kensg-rebarexposureRb_036.png,10.134,1.50,282,この画像には、壁に対して傷があることが分かります。壁の一部が剥がれ、腐食が進んでいることが確認できます。この壁には、200000000000000000000000000000000000000000
Q8_0,kensg-rebarexposureRb_037.png,8.648,4.00,179,この画像には、壁に対して垂直に傷が入っていることが明らかです。この傷は、壁の強度を減少させ、構造的な損傷を引き起こしています。傷の具体的な種類は、剥がれ続けた鉄筋が見られることから、腐食や破損が起こっ
Q8_0,kensg-rebarexposureRb_038.png,8.521,5.00,188,この画像には、壁に取り付けられた紙に日本語で書かれた情報があり、その中には「01」と「02」という数字があります。壁の損傷に関する情報も含まれており、その中には「裂け目」「鋼管の露出」「腐食」「剥がれ
Q8_0,kensg-rebarexposureRb_039.png,6.728,5.00,135,この画像には、壁に対して傷があることが明らかです。傷の種類は、裂け目、鉄筋の露出、腐食、落敗、部材の損失です。傷の重大度は、軽度、中度、重度です。傷の位置と広がりは、壁の上部、中央部、下部にあり、壁全
Q8_0,kensg-rebarexposureRb_040.png,6.363,2.00,132,この画像には、壁に潰れた箇所があり、その箇所から排出された砂が散らばっています。この状況は、壁の腐敗や損傷によるものと考えられます。壁の損傷は、壁の強度が低下し、壁の破損の可能性が高まっていることを示
Q8_0,kensg-rebarexposureRb_041.png,6.278,2.00,144,この写真には、道路の構造物に対する損傷が認められています。具体的には、道路の支柱において、腐食が進んでいることが明らかです。この腐食は、道路の構造物に対する重大な損傷であり、道路の安全性に懸念されるも
Q8_0,kensg-rebarexposureRb_042.png,10.198,2.00,260,このイメージには、コンクリート製の橋の壁に刻まれた数学公式があります。公式の中には、数字や記号が含まれており、その中には「3」や「2」といった数字があります。また、公式の下には「X」という記号があり、
Q8_0,kensg-rebarexposureRb_043.png,7.462,2.50,164,このイメージには、壁に対して描かれた赤い線があり、その線が壁の中央にある穴に向かって曲がっています。この穴には、壁の中から垂れ下がっている部品が排出されています。この部品は、壁の損傷の種類として、腐食
Q8_0,kensg-rebarexposureRb_044.png,8.094,3.00,165,この画像には、道路上の壁に対して損傷があることが分かります。壁の一部が崩落し、破綻していることが明らかです。この損傷は、壁の強度が低下し、壁の崩落が起こる可能性があることを示しています。損傷の具体的な
Q8_0,kensg-rebarexposureRb_045.png,7.279,3.00,148,この画像には、壁の損傷が観察されています。壁には、裂け目やコロジオンの損傷があり、その程度は軽度から中度になります。壁の損傷は、壁の広範囲にわたって見られます。この損傷は、壁の強度を低下させ、長期的な
Q8_0,kensg-rebarexposureRb_046.png,6.997,4.50,151,この画像には、橋の構造物に対する損傷が見られます。具体的には、腐食が進んでいる部分があり、その部分が破損しています。この損傷は、腐食によるコンクリートの破損によって引き起こされました。この損傷は、比較
Q8_0,kensg-rebarexposureRb_047.png,6.429,3.50,147,この画像には、施錠された壁の下にある、筋交換管の腐食が見られます。腐食の程度は軽度であり、管の一部が腐食しています。腐食の範囲は、管の約3分の1に及び、管の下部にある一部の壁にも影響を与えています。こ
Q8_0,kensg-rebarexposureRb_048.png,7.751,4.00,163,この画像には、壁に書かれた文字があり、その中には「10」という数字があります。壁の上には、壁の損傷があります。その損傷は、裂け目、鉄筋の露出、腐食、落ち落ち、部材の損失などです。損傷の傾向は、軽度から
Q8_0,kensg-rebarexposureRb_049.png,7.523,2.50,162,この画像には、壁の傷があることが分かります。壁には、剥がれた鉄筋が見られ、壁の一部が崩落していることが示唆されています。この壁には、剥がれた鉄筋がいくつかあり、その一部は壁から剥がれています。この壁の
Q8_0,kensg-rebarexposureRb_050.png,10.174,4.00,280,この画像には、コンクリートの構造物に対して複数の損傷が認められています。  1. 裂け目（Crack）: コンクリートの表面に数か所の裂け目があり、そのうちの一つは広範囲にわたっています。 2. 鉄筋
Q8_0,kensg-rebarexposureRb_051.png,8.104,5.00,169,この画像には、石垣の破損が見られます。具体的には、石垣の一部が剥がれ落ちており、石垣の構造が損傷していることが分かります。この破損は、裂け目や破損部分の損傷、腐食、落朽、または構造的な損失によって引き
Q8_0,kensg-rebarexposureRb_052.png,6.605,2.00,139,この画像には、橋の支柱に対する様々な損傷が見られます。 その中には、裂け目、鋼管の露出、腐食、剥がれ、部材の損失などが含まれます。 これらの損傷は、支柱の耐久性に悪影響を与え、長期的な劣化を引き起こす
Q8_0,kensg-rebarexposureRb_053.png,8.288,2.50,201,この画像には、吊り下げ式の道路橋の上にある構造的ダメージが見られます。具体的には、吊り下げの材料の一部が外れており、構造的な弱点が生じています。このダメージは、軽度から中度のものであり、吊り下げの一部
Q8_0,kensg-rebarexposureRb_054.png,8.787,3.50,173,この画像には、壁に対して搭載された板状の材料に対する損傷が見られます。この損傷は、裂け目（crack）のような損傷であり、裂け目の幅は約20センチです。損傷の深さは、裂け目の表面に薄く、材料の表面に達
Q8_0,kensg-rebarexposureRb_055.png,5.062,2.50,99,この画像には、壁に対して傷があることが明確です。壁に対して傷がある場所は、左側で、傷の幅は約10cmです。傷の種類は、裂け目であり、傷の深さは軽度です。この傷は、壁の強度を減少させ、修理が必要です。
Q8_0,kensg-rebarexposureRb_056.png,7.886,3.50,164,この写真には、道路の下にある構造物に対する損傷が含まれています。具体的には、道路の下にある構造物の一部が剥がれ落ちていることが確認できます。この損傷は、裂け目や腐食、落ち落ち物の損傷などの様々な損傷が
Q8_0,kensg-rebarexposureRb_057.png,9.846,2.00,206,この画像には、壁に赤い汚れがついており、壁の一部が崩落していることが分かります。壁の一部が落ち落ちていることから、この壁は脆弱であることが示唆されます。この壁には、裂け目や腐敗、損傷が見られます。この
Q8_0,kensg-rebarexposureRb_058.png,8.679,3.00,195,この画像には、壁に対して傷があることが明らかです。壁の一部が剥がれ落ちており、その部分が破損しています。この壁には、コンクリートの裏側が見えており、その部分が腐食していることが分かります。この壁の傷は
Q8_0,kensg-rebarexposureRb_059.png,6.706,2.50,145,この画像には、壁の傷があることが分かります。壁の一部が剥がれていることが明らかで、これは壁の強度が低下していることを示しています。この壁は、壁の傷が深刻であるため、修理が必要です。壁の傷が広範囲に及び
Q8_0,kensg-rebarexposureRb_060.png,6.417,2.50,135,この画像には、壁に対して損傷があることがわかります。壁には、裂け目や剥がれ、腐食、落ち落ち、部材の損失などの損傷が見られます。損傷の具体的な位置や強度については、細かな情報が得られません。ただし、この
Q8_0,kensg-rebarexposureRb_061.png,6.523,5.00,128,この画像には、壁に対する傷があります。傷の種類は、裂け目、鉄筋の露出、腐食、剥がれ、部材の損失です。傷の強度は、軽度、中度、重度で、壁の一部から大部分までの範囲内にあります。壁は、コンクリート製で、壁
Q8_0,kensg-rebarexposureRb_062.png,7.681,3.00,154,この画像には、壁に対して破損があることがわかります。壁の一部が剥がれていることが観察され、これは壁の損傷の一例です。この損傷は、壁の構造に深刻な影響を与え、修理が必要です。壁の損傷の種類は、剥がれであ
Q8_0,kensg-rebarexposureRb_063.png,5.660,2.50,133,この画像に描かれた構造的ダメージは、剥がれ落ちたコンクリートの部分であり、腐食が原因であることが分かります。このダメージは、軽度から中度のものであり、床に対して大きな損失を引き起こしています。このダメ
Q8_0,kensg-rebarexposureRb_064.png,8.793,4.50,190,この画像には、壁に対して垂直に貼られたシートがあり、そのシートには日本語の文字が書かれています。このシートは、建物の壁に対する損傷の状況を認識するために使用されます。  損傷の種類は、剥がれ、腐食、裂
Q8_0,kensg-rebarexposureRb_065.png,8.069,2.50,166,この画像には、壁に対して傷があることが分かります。具体的には、壁の一部が剥がれ落ちていることが観察されます。この壁の損傷の種類は、剥がれ落ちた部分の損傷であり、損傷の強度は中程度です。損傷の場所は、壁
Q8_0,kensg-rebarexposureRb_066.png,7.319,3.00,153,この画像には、壁に対して損傷があることが分かります。具体的には、壁に対して裂け目があることが確認できます。この裂け目は、壁の強度を低下させ、長期的には壁の崩壊につながる可能性があります。この損傷の強度
Q8_0,kensg-rebarexposureRb_067.png,7.659,5.00,149,この画像には、施錠された裏側にある壁に対する損傷があります。損傷の種類は、裂け目、鉄筋の露出、腐食、裂け目、部材の損失です。損傷の傷度は、軽度、中度、重度です。損傷は、壁の上部に広がっており、壁の一部
Q8_0,kensg-rebarexposureRb_068.png,7.749,4.50,150,この画像には、道路の壁にある破損が見られます。壁には、破損の痕跡があり、その痕跡は、壁の崩落や剥がれ、腐食、損傷部分の損失などの種類の損傷を示しています。破損の強度は、軽度から中度までの範囲内であり、
Q8_0,kensg-rebarexposureRb_069.png,6.390,3.00,132,この写真に描かれた損傷は、壁に対する腐食によるものであり、壁の一部が剥がれ落ちていることが分かります。この損傷は、軽度から中度の損傷であり、壁の一部が失われていることが示唆されています。この損傷は、壁
Q8_0,kensg-rebarexposureRb_070.png,8.990,3.50,181,このイメージには、煉瓦の壁に対して損傷があります。壁の一部が剥がれ、破損しています。この損傷は、壁の強度を低下させ、長期的な壊れを引き起こす可能性があります。損傷の種類は、剥がれ、腐食、落敗、部材の損
Q8_0,kensg-rebarexposureRb_071.png,7.828,2.00,172,この画像には、コンクリートの構造物に対する損傷が認められます。具体的には、コンクリートの壁に対する裂け目が認められます。この裂け目は、コンクリートの強度を低下させ、構造物の安全性に影響を与える可能性が
Q8_0,kensg-rebarexposureRb_072.png,7.016,4.50,142,この画像には、壁にある破損部分があります。破損部分は、壁の割れ目やコロッセウムの損傷によるもので、壁の構造に悪影響を与えています。また、破損部分の広範囲にわたっているため、壁の構造に深刻な損傷が生じて
Q8_0,kensg-rebarexposureRb_073.png,7.506,4.00,169,この画像には、橋の構造的ダメージが認められます。具体的には、壁の破損や壁の損傷が見られます。このダメージは、裂け目やコロッセウムの露出、腐食、落敗、材料の損失などの種類を含みます。ダメージの強度は、軽
Q8_0,kensg-rebarexposureRb_074.png,7.529,5.00,158,この画像には、橋の壁に対して傷があることが分かります。傷の種類は、裂け目、鉄筋の露出、腐食、剥がれ、部材の損失です。傷の強度は、軽度、中度、重度で、傷の広範囲にわたっています。具体的には、壁に対する裂
Q8_0,kensg-rebarexposureRb_075.png,6.336,5.00,131,この画像には、壁の下にあるコンクリートの傷があります。傷の種類は、裂け目、鉄筋の露出、腐食、落ち落ち、部材の損失です。傷の強度は、軽度、中度、重度です。傷は、壁の下部に広範囲に及び、壁の一部が損失して
Q8_0,kensg-rebarexposureRb_076.png,8.163,4.00,169,この画像には、壁の上に赤い線が描かれており、その上に数字が書かれています。壁の下には、様々な種類の損傷が見られます。これらの損傷には、裂け目、鉄筋の露出、腐食、剥がれ、部材の損失などが含まれます。壁の
Q8_0,kensg-rebarexposureRb_077.png,5.125,2.00,111,この画像には、壁にある破損部分があります。破損部分は、破維（spalling）と呼ばれ、壁の表面から壁内に向かって破損しています。この破損部分は、壁の構造に悪影響を与え、修理が必要です。修理の程度は、
Q8_0,kensg-rebarexposureRb_078.png,7.222,2.00,158,この画像には、コンクリート構造物の損傷が認められます。具体的には、コンクリートの一部が剥がれており、腐食が進んでいます。この損傷は、コンクリートの強度が低下し、構造物の安全性に懸念されるほどのものです
Q8_0,kensg-rebarexposureRb_079.png,5.732,4.00,109,この画像には、壁の破損が見られます。壁には、割れ目、鉄筋の露出、腐食、剥落、部材の損失があります。壁の破損は、軽度から中度のもので、広範囲にわたっています。この破損は、壁の構造に対する重大な問題であり
Q8_0,kensg-rebarexposureRb_080.png,8.971,2.00,176,この画像において、道路橋の構造物には、割れ目、鉄筋の露出、腐食、落ち落ち、部材の損失が認められます。割れ目は、構造物の強度に対する損傷であり、腐食は、構造物の材料に対する損傷です。落ち落ちは、構造物の
Q8_0,kensg-rebarexposureRb_081.png,7.063,2.50,149,この画像には、橋の壁にある破損が見られます。この破損は、剥がれ落ちたコンクリートブロックの一部で、壁の傷が約0.5メートルに及び、壁の厚さの約50%を占めています。この破損は、軽度から中度の破損であり
Q8_0,kensg-rebarexposureRb_082.png,7.190,4.00,147,この画像において、壁に対して損傷が認められています。損傷の種類は、裂け目、鉄筋の露出、腐食、剥がれ、部材の損失です。損傷の重大度は、軽度、中度、重度です。損傷は、壁の一部に限定されており、その広さは小
Q8_0,kensg-rebarexposureRb_083.png,6.984,0.00,156,この画像には、橋の構造的ダメージが見られます。具体的には、壁の破綻が観察されており、その破綻の幅は中程度です。また、壁に対して強力な力が加わっていることが示唆されています。このダメージは、壁の強度を超
Q8_0,kensg-rebarexposureRb_084.png,7.009,2.00,155,この画像には、コンクリートの壁に対して、破損が見られます。壁の一部が剥がれていることが観察され、これは壁のセクションの損失として評価されます。また、壁の一部には、コンクリートの腐食が見られ、これはコン
Q8_0,kensg-rebarexposureRb_085.png,8.408,4.00,178,この画像には、道路の支柱に対して損傷があることが分かります。具体的には、支柱の一部が破損しており、その破損部分が広範囲にわたっています。この損傷は、裂け目や鋼管の露出、腐食、溶岩、または構造損傷のいず
Q8_0,kensg-rebarexposureRb_086.png,6.621,5.00,141,この画像には、壁に対して傷があることが明らかです。壁に対して傷の種類は、裂け目、鉄筋の露出、腐食、剥がれ、部材の損失です。傷の強度は、軽度、中度、重度で、傷の位置と広さについては、壁の一部に限定されて
Q8_0,kensg-rebarexposureRb_087.png,6.599,5.00,133,この画像には、壁に対して傷があることが分かります。壁に対して傷は、割れ目、鋼管の露出、腐食、壁損失のいずれかです。傷の強度は、軽度、中度、重度で分類されます。傷の位置と広がりは、壁の一部分に限定されて
Q8_0,kensg-rebarexposureRb_088.png,7.244,3.00,155,この画像には、道路の支柱に対して損傷があることが分かります。具体的には、道路の支柱に対して、裂け目があることが確認できます。この裂け目は、道路の支柱に対して重度の損傷であり、支柱の一部が損失しているこ
Q8_0,kensg-rebarexposureRb_089.png,8.322,5.00,167,この画像には、道路の支柱に対する損傷が見られます。損傷の種類は、裂け目、鉄筋の露出、腐食、剥がれ、部材の損失です。損傷の重大度は、軽度、中度、重度です。損傷の場所は、支柱の上部、下部、およびその周辺で
Q8_0,kensg-rebarexposureRb_090.png,7.816,4.00,160,この画像には、壁の下にある構造物に対する損傷が見られます。損傷の種類は、裂け目、鉄筋の露出、腐食、落敗、部材の損失です。損傷の強度は、軽度、中度、重度で分類されます。損傷は、壁の下にある構造物の一部に
Q8_0,kensg-rebarexposureRb_091.png,6.737,4.00,130,この画像には、壁の損傷が見られます。損傷の種類は、裂け目、鉄筋の露出、腐食、落朽、部材の損失です。損傷の強度は、軽度、中度、重度で評価されます。損傷は、壁の一部に限定されており、広範囲にわたっていませ
Q8_0,kensg-rebarexposureRb_092.png,7.821,5.00,156,この画像には、壁の損傷が明らかになっています。損傷の種類は、裂け目、鉄筋の露出、腐食、落敗、セクションの損失です。損傷の強度は、軽度、中度、重度のいずれかです。損傷の位置は、壁の中央部分で、壁の一部が
Q8_0,kensg-rebarexposureRb_093.png,9.183,3.50,194,この画像には、橋の構造物に対する損傷が認められます。具体的には、壁に対する裂け目があり、その一部が剥がれ落ちています。また、構造物に対する腐食が見られ、その一部が剥がれ落ちています。この損傷は、裂け目
Q8_0,kensg-rebarexposureRb_094.png,9.433,3.50,220,この画像には、壁に掛かった白板に「01」と書かれています。その下には、「1/3」と書かれています。この場所には、壁の下に小さな穴があり、その中には、石が散らばっています。この石の状態は、腐敗しているこ
Q8_0,kensg-rebarexposureRb_095.png,10.208,1.50,194,この画像において、裏側にある壁には、裏側の壁に対して傷ついた状態であることが分かります。具体的には、壁に対して傷があり、その傷は裏側の壁に向かっています。傷の種類は、裏側の壁に対して傷があるため、壁の
Q8_0,kensg-rebarexposureRb_096.png,7.876,3.00,162,この画像には、コンクリート製の建物の壁に寄生している腐敗した部材があります。この部材には、腐敗や腐食が進んでおり、壁の構造に悪影響を与えています。この部材の損傷は、腐敗や腐食の程度が軽度であり、壁の構
Q8_0,kensg-rebarexposureRb_097.png,6.061,1.50,118,この画像には、壁や構造物に対して様々な損傷が認められます。壁には、裂け目や腐食が見られ、構造物には、裂け目や腐食、裂け目の拡大、および構造損傷が認められます。これらの損傷は、壁や構造物の耐久性に悪影響
Q8_0,kensg-rebarexposureRb_098.png,6.230,2.50,126,この画像には、壁に対する補強材の剥がれが見られます。剥がれは、壁の強度を低下させ、損傷を引き起こしています。この剥がれは、壁の一部を失うことを意味しており、壁の損傷の程度は「重度」です。剥がれは、壁の
Q8_0,kensg-rebarexposureRb_099.png,8.039,4.00,163,この画像には、壁に沿って落ちている破損部分があります。破損部分は、コロナ細胞のような形状をしており、壁の強度を低下させています。この破損部分は、壁の強度を低下させ、構造的な問題を引き起こしています。破
Q8_0,kensg-rebarexposureRb_100.png,10.213,0.00,296,この画像には、コンクリートの壁に刻まれた数字があります。数字は、10000000000000000000000000000000000000000000000000000000000000000000
Q8_0,kensg-rebarexposureRb_101.png,6.683,3.00,149,この画像には、壁に描かれた数字と文字があり、その中には「1」と「0」があります。壁には、破損部分があり、その破損部分は「1」と「0」の数字が描かれています。破損部分の種類は、裂け目であり、その裂け目は
Q8_0,kensg-rebarexposureRb_102.png,6.771,3.50,136,この画像には、壁に対して傷があることがわかります。傷の種類は、裂きや溶岩、腐敗、落ち落ち、部材の損失です。傷の強度は、軽度、中度、重度です。傷は壁の上部にあり、広範囲にわたっています。壁には、白い管が
Q8_0,kensg-rebarexposureRb_103.png,8.224,2.50,172,この画像には、壁に対して歪みがあることが分かります。壁の一部が崩落し、壁の内部に掘り出された痕跡があります。この損傷は、壁の構造に対する重大なダメージであり、壁の強度が低下していることが示唆されていま
Q8_0,kensg-rebarexposureRb_104.png,10.203,1.50,228,この画像には、コンクリートの壁に寄生している破損部分があります。破損部分は、コンクリートの表面に寄生しており、壁の崩壊によって生じています。破損部分は、コンクリートの表面に寄生しており、壁の崩壊によっ
Q8_0,kensg-rebarexposureRb_105.png,7.310,5.00,141,この画像において、壁に対して損傷が認められています。損傷の種類は、裂け目、鉄筋の露出、腐食、剥落、部材の損失です。損傷の強度は、軽度、中度、重度の3段階で評価されています。損傷は、壁の一部分に限定され
Q8_0,kensg-rebarexposureRb_106.png,10.210,2.50,212,この画像には、壁に対して傾斜した部分があり、その部分には壁の割れ目があります。壁の割れ目の種類は、割れ目の深さによって異なりますが、少なくとも軽度の割れ目があります。壁の割れ目の深さは、壁の傾斜角度に
Q8_0,kensg-rebarexposureRb_107.png,10.161,0.50,226,この画像には、様々な損傷が見られます。最も目立つのは、壁に対して傷が入っていることで、これは壁の剛性が低下していることを示しています。この損傷は、壁の強度を低下させ、長期的には壁の崩壊につながる可能性
Q8_0,kensg-rebarexposureRb_108.png,6.832,4.00,134,この画像には、壁に固定された筋材の損傷があります。損傷の種類は、裂け目、鉄筋の露出、腐食、落ち落ち、部材の損失です。損傷の強度は、軽度、中度、重度で、それぞれの場所と幅によって異なります。この損傷は、
Q8_0,kensg-rebarexposureRb_109.png,8.938,4.00,192,この画像には、壁の一部が傷ついていることが分かります。壁には、傷の種類として、裂け目、鉄筋の露出、腐食、落敗、部材の損失があります。傷の強度は、軽度、中度、重度のいずれかであり、壁の一部が落ちたり、裂
Q8_0,kensg-rebarexposureRb_110.png,5.831,5.00,115,この画像には、壁の傷があります。傷の種類は、裂け目、鉄筋の露出、腐食、剥がれ、部材の損失です。傷の強度は、軽度、中度、重度です。傷は壁の上部にあり、広範囲にわたっています。この壁には、壁の強度が低下し
Q8_0,kensg-rebarexposureRb_111.png,8.572,2.00,179,この画像には、コンクリートの壁に対する様々な損傷が認められます。 この損傷は、裂け目、破損、腐食、脱落、および剥がれによって引き起こされます。 これらの損傷は、壁の強度を低下させ、長期的には壁の安全性
Q8_0,kensg-rebarexposureRb_112.png,7.663,5.00,164,このイメージには、橋の構造に対する損傷が見られます。具体的には、裂け目、鉄筋の露出、腐食、落ち落ち、部品の損失などが認められます。これらの損傷は、橋の安全性に悪影響を与える可能性があります。損傷の傾向
Q8_0,kensg-rebarexposureRb_113.png,7.097,5.00,141,この画像には、アーチの下にある壁に対する損傷が見られます。損傷の種類は、裂け目、鉄筋の露出、腐食、剥がれ、部材の損失です。損傷の強度は、軽度、中度、重度の3段階で評価されます。損傷の位置は、アーチの下
Q8_0,kensg-rebarexposureRb_114.png,10.242,4.00,212,この画像には、コンクリートの構造物に対して、複数の損傷が認められます。これらの損傷には、裂け目、鉄筋の露出、腐食、剥がれ、部材の損失などが含まれます。また、この構造物には、石の落ちた痕跡があり、これも
Q8_0,kensg-rebarexposureRb_115.png,6.844,3.50,141,この画像には、壁の破損部分があります。壁の一部が剥がれ、壁に沿っているものが破損しています。この破損部分は、重度のものであり、壁の幅の約40%に及びます。破損部分は、壁の下部にあり、壁の上部には破綻し
Q8_0,kensg-rebarexposureRb_116.png,6.404,5.00,129,この画像には、橋の損傷が見られます。具体的には、損傷の種類は、裂け目、鉄筋の露出、腐食、落ち落ち、部材の損失です。損傷の重大度は、軽度、中度、重度です。損傷は、橋の支柱に広がっており、部分的には、支柱
Q8_0,kensg-rebarexposureRb_117.png,6.181,2.00,122,この画像には、壁に対して損傷があることが分かります。壁の一部が剥がれていることが明らかで、この損傷は裂け目として認識されます。裂け目の幅は中程度で、壁の半分以上の範囲に及びます。この損傷は、壁の強度の
Q8_0,kensg-rebarexposureRb_118.png,4.805,5.00,93,この画像には、壁の傷があります。傷の種類は、裂け目、鉄筋の露出、腐食、剥がれ、セクションの損失です。傷の強度は、軽度、中度、重度です。傷の位置は、壁の下部にあり、広範囲にわたっています。
Q8_0,kensg-rebarexposureRb_119.png,7.403,5.00,148,この画像には、壁に対して破損があることが分かります。破損の種類は、裂け目、鉄筋の露出、腐食、落朽、部材の損失です。破損の強度は、軽度、中度、重度の3段階で評価されます。破損は、壁の上部に集中しており、
Q8_0,kensg-rebarexposureRb_120.png,6.300,5.00,120,この画像には、壁の縁に取り付けられた筋材に対する破損情報が記載されています。破損の種類は、裂け目、鉄筋の露出、腐食、剥がれ、部材の損失です。破損の重大度は、軽度、中度、重度で表されており、破損の位置や
Q8_0,kensg-rebarexposureRb_121.png,7.890,2.50,172,この画像には、施錠された鋼管があり、その鋼管には貼付された紙があります。紙には、「壁面剥離」という言葉が書かれています。鋼管には、腐食が進んでおり、鋼管の一部が破損しています。この破損により、鋼管の強
Q8_0,kensg-rebarexposureRb_122.png,8.778,4.00,190,この写真には、コンクリート製のアーチに対して、壁に巨大な数字が書かれています。この数字は、壁の破損の程度を示しており、アーチの損傷の種類は「裂け目」、「鉄筋の露出」、「腐食」、「剥がれ」、および「部材
Q8_0,kensg-rebarexposureRb_123.png,7.725,1.50,173,この画像には、コンクリート製の壁に対して腐食が進んでいることが明らかです。壁の傷は、歪みや裂け目、腐食、落下したセクション、および剥がれた鉄筋の欠損によって引き起こされています。これらの傷は、壁の強度
Q8_0,kensg-rebarexposureRb_124.png,7.816,4.00,153,この画像には、歩道の壁に彫られた刻印によって、橋の損傷が表現されています。刻印によって、壁の損傷は、裂け目、鉄管の露出、腐食、壁損失など、様々な損傷が示されています。壁の損傷の傾向は、裂け目が最も広範
Q8_0,kensg-rebarexposureRb_125.png,7.372,3.00,153,この画像には、壁の破損が見られます。壁には、腐食が進んでいる部分があり、それが壁の強度を低下させています。壁の破損の種類は、腐食で、壁の強度が低下していることが明らかです。破損の強度は、中等度であり、
Q8_0,kensg-rebarexposureRb_126.png,7.013,3.50,143,この画像には、壁の腐敗や腐食が認められます。壁には、歪みや裂け目が見られ、その一部は崩落しています。これらの損傷は、壁の構造に深刻な影響を与えています。壁の損傷は、腐敗や腐食の程度が軽度から重度まで変
Q8_0,kensg-rebarexposureRb_127.png,7.389,3.50,159,この画像には、橋の構造物に対する損傷が見られます。具体的には、剥がれた鉄筋があり、腐食が進んでいます。この損傷は、橋の強度を低下させ、長期的には崩壊の危険性を持っています。損傷の強度は「重度」であり、
Q8_0,kensg-rebarexposureRb_128.png,7.223,3.00,150,この画像には、アーチの下にある壁に破損があることが分かります。破損の種類は、裂け目、鉄筋の露出、腐食、剥がれ、部材の損失です。破損の強度は、軽度、中度、重度のいずれかです。破損は、壁の下にあるアーチの
Q8_0,kensg-rebarexposureRb_129.png,7.457,4.00,158,このイメージには、アーチの構造物に対して複数の損傷が見られます。その中には、裂け目、鉄筋の露出、腐食、溶岩、および構造物の損失が含まれます。これらの損傷は、アーチの耐久性に悪影響を与え、修理や交換が必
Q8_0,kensg-rebarexposureRb_130.png,7.665,4.00,150,この画像には、壁に対する構造的損傷が見られます。損傷の種類は、裂け目、鉄筋の露出、腐食、剥落、部材損失です。損傷の強度は、軽度、中度、重度のいずれかです。 損傷は壁の一部に限定されており、広範囲にわた
Q8_0,kensg-rebarexposureRb_131.png,6.319,4.50,130,この画像には、壁の破損部分があります。破損部分は、コンクリートの裂け目であり、壁の幅に広がっています。この裂け目は、壁の強度を低下させ、構造的な問題を引き起こす可能性があります。この破損部分は、比較的
Q8_0,kensg-rebarexposureRb_132.png,7.129,5.00,146,このイメージには、コンクリートの構造物に対する損傷が見られます。損傷の種類は、裂け目、鉄筋の露出、腐食、破砕、部材の損失です。損傷の重大度は、軽度、中度、重度です。損傷は、上部のコンクリート構造物に広
Q8_0,kensg-rebarexposureRb_133.png,6.049,2.00,132,この画像には、壁の上に数字が書かれたり、壁に対して穴が開いていることがあります。この壁には、腐食や裂け目が見られ、その一部は壊れています。この壁には、裂け目が深く、壁の構造に悪影響を与えています。この
Q8_0,kensg-rebarexposureRb_134.png,6.296,2.50,144,この画像には、壁の上に数学的な記号が書かれており、その中には「1.5m」という数値が含まれています。壁には、歪みが見られることが分かります。歪みの程度は「軽度」であり、壁の一部が剥がれ落ちていることが
Q8_0,kensg-rebarexposureRb_135.png,6.519,4.00,124,この画像には、橋の構造的損傷が観察されています。損傷の種類は、裂け目、鉄筋の露出、腐食、落敗、部材の損失です。損傷の重大度は、軽度、中度、重度です。損傷は、壁の下にあり、広範囲にわたっています。この損
Q8_0,kensg-rebarexposureRb_136.png,7.460,4.00,154,この画像には、コンクリートの壁に描かれた数学的な記号があり、その下には汚れがあります。壁には、壁の損傷が見られます。その損傷は、裂け目、鉄筋の露出、腐食、壁損失などの種類です。損傷の強度は、軽度、中度
Q8_0,kensg-rebarexposureRb_137.png,7.105,3.00,162,この画像には、橋の構造的ダメージが見られます。主なダメージは、腐食による腐敗、および壁の裂け目です。腐敗は、橋の壁に広がっており、壁の一部が剥がれ落ちています。裂け目は、壁の中央部にあり、幅広く走って
Q8_0,kensg-rebarexposureRb_138.png,8.142,3.00,183,この画像には、橋の構造に対する損傷が観察されています。具体的には、腐食が進行している箇所があり、その部分が剥がれています。また、鋼管の表面には、油漬けが見られており、その部分が腐食していることが示唆さ
Q8_0,kensg-rebarexposureRb_139.png,7.083,3.50,144,この写真には、橋の構造的損傷が見られます。具体的には、橋の支柱における鋼管の摩耗や、壁面の落朽が認められます。これらの損傷は、軽度から中度の損傷に該当します。損傷の範囲は、橋の主要な支柱部分に限定され
Q8_0,kensg-rebarexposureRb_140.png,6.700,5.00,140,この画像には、壁の傷が見られます。傷の種類は、裂け目、鉄筋の露出、腐食、剥がれ、部材の損失です。傷の重大度は、軽度、中度、重度です。傷の位置と広がりは、壁の上部、下部、そして壁の一部に限定されています
Q8_0,kensg-rebarexposureRb_141.png,6.537,1.50,144,このイメージには、コンクリートの構造物に対する損傷が見られます。具体的には、コンクリートの表面に寄生虫の跡があり、これが腐敗を引き起こしています。また、構造物の一部が剥がれ落ちており、これも腐敗の結果
Q8_0,kensg-rebarexposureRb_142.png,7.304,1.50,167,この画像には、コンクリートの壁に対して、腐食や腐敗が起こっていることが明らかになっています。壁の一部が剥がれ落ちており、腐食が進行していることが示唆されています。この状況は、壁の強度が低下していること
Q8_0,kensg-rebarexposureRb_143.png,9.791,3.00,207,この画像には、コンクリートの壁に対して損傷があることが明らかです。壁の一部が崩れ、壁の下に暗い穴があり、その穴には赤い液体が混じっています。この損傷は、コンクリートの腐敗や腐食によるものと考えられます
Q8_0,kensg-rebarexposureRb_144.png,6.756,4.00,128,この画像には、構造物の損傷が見られます。損傷の種類は、裂け目、鉄筋の露出、腐食、落敗、部材の損失です。損傷の傷度は、軽度、中度、重度で評価されます。損傷は、壁の一部に限定されており、その幅は約10セン
Q8_0,kensg-rebarexposureRb_145.png,8.973,0.00,199,この画像には、壁に沿って掛かっている紙に「2002」と書かれています。その紙は、壁の縁に沿って掛かっています。壁の表面には、歪みがあり、その歪みは、壁の強度を低下させています。この歪みは、壁の強度が低
Q8_0,kensg-rebarexposureRb_146.png,7.900,4.00,167,この画像には、構造的ダメージが見られます。具体的には、施錠の孔から石が落ちていることが確認できます。このダメージは、裂け目、鉄筋の露出、腐食、剥がれ、部材の損失などに分類できます。ダメージの強度は、軽
Q8_0,kensg-rebarexposureRb_147.png,7.607,4.00,156,この画像には、橋の構造に関する損傷が見られます。具体的には、鋼管の裂け目があり、その裂け目が一部の構造物から漏れ出しています。この損傷は、裂け目の深さや構造物の損傷の程度によって、軽度から重度の損傷に
Q8_0,kensg-rebarexposureRb_148.png,7.369,5.00,145,この画像には、構造物の損傷が観察されています。損傷の種類は、裂け目、鋼管の露出、腐食、落ち落ち、部材の損失です。損傷の重大度は、軽度、中度、重度です。損傷の位置は、上部、下部、中央にあり、その範囲は、
Q8_0,kensg-rebarexposureRb_149.png,8.603,3.00,175,この画像には、アーチの下にある壁に対して、数値が書かれています。壁には、裂け目やコンクリートの剥がれ、腐敗、剥がれ、欠損などの損傷が見られます。壁の損傷の種類は、裂け目、コンクリートの剥がれ、腐敗、剥
Q8_0,kensg-rebarexposureRb_150.png,4.817,4.00,96,このイメージにおいて、構造的な損傷は、剥がれた鉄筋や腐食、落ち落ちの欠損、および剥がれたコンクリートの割れ目です。これらの損傷は、壁の一部に限定されており、構造的には軽度であると考えられます。
Q8_0,kensg-rebarexposureRb_151.png,8.631,2.50,180,この画像には、施錠された高架道路の下にある壁に対する損傷が見られます。壁の傷は、腐食、裂け目、および裂け目の補強によって引き起こされました。これらの損傷は、壁の強度を低下させ、長期的には壁の崩壊を引き
Q8_0,kensg-rebarexposureRb_152.png,7.736,0.50,164,この画像には、コンクリートの壁に対して、補強材料（レバー）が抜け落ちている損傷が認められます。レバーが抜け落ちることで、コンクリートの強度が低下し、構造物の安全性が損なわれる可能性があります。この損傷
Q8_0,kensg-rebarexposureRb_153.png,8.113,2.50,172,この画像には、壁に刻まれた数学の式による損傷があります。この損傷は、重度の損傷であり、壁の一部が失われているように見えます。損傷は、壁の上にある巨大な鋼管の影によって隠されています。  この損傷は、壁
Q8_0,kensg-rebarexposureRb_154.png,10.234,2.00,202,この画像には、構造的な損傷が見られます。主な損傷は、裂け目、鉄筋の露出、腐食、剥がれ、部材の損失です。裂け目は、壁の傾斜に沿って、壁の構造に深い傷を与えています。鉄筋の露出は、壁の表面にある鉄筋が露出
Q8_0,kensg-rebarexposureRb_155.png,7.612,5.00,148,この画像には、施錠された壁の下にある構造物の損傷が含まれています。損傷の種類は、裂け目、鉄筋の露出、腐食、落敗、部材の損失です。損傷の重大度は、軽度、中度、重度です。損傷の位置は、壁の下部にあり、広範
Q8_0,kensg-rebarexposureRb_156.png,7.744,3.00,152,この画像には、施錠された構造物の壁に対して、破損が認められています。具体的には、腐食や腐敗が進行しており、構造物の強度が低下していることが示唆されています。この破損は、壁の厚さや構造物の材料によって、
Q8_0,kensg-rebarexposureRb_157.png,9.266,5.00,198,このイメージには、アーチの構造的損傷が見られます。損傷の種類は、裂け目、鉄筋の露出、腐食、剥がれ、部材の損失です。損傷の傷度は、軽度、中度、重度で、それぞれの場所と程度に応じて評価されます。具体的には
Q8_0,kensg-rebarexposureRb_158.png,7.347,3.00,157,この画像には、道路トンネルの支柱に対する様々な損傷が認められます。この損傷には、裂け目、鉄筋の露出、腐食、落ち落ち、部材の失われた部分などが含まれます。これらの損傷は、支柱の強度を低下させ、長期的な維
Q8_0,kensg-rebarexposureRb_159.png,10.252,0.00,290,この画像には、施錠された隅桁の上に描かれた数字があります。数字は、1400、1401、1402、1403、1404、1405、1406、1407、1408、1409、1410、1411、1412、14
Q8_0,kensg-rebarexposureRb_160.png,8.748,4.00,185,この画像には、製造物の損傷が見られます。  * 損傷の種類：裂け目、鉄筋の露出、腐食、剥がれ、部材の損失 * 損傷の重大度：軽度、中度、重度 * 損傷の位置：製造物の側面、上部、下部  この製造物には
Q8_0,kensg-rebarexposureRb_161.png,6.932,3.00,136,この画像には、壁の破損が見られます。壁には、裏側からの破損があり、壁の一部が剥がれています。この破損は、裏側からの力で引き起こされたもので、壁の強度が低いために起こっています。破損の幅は、壁の半分ほど
Q8_0,kensg-rebarexposureRb_162.png,6.382,2.00,154,この画像には、構造的ダメージが観察されています。具体的には、管の一部が剥がれており、内部に破綻が生じています。このダメージは、軽度から中度のものであり、管の一部が失われていることが明らかです。このダメ
Q8_0,kensg-rebarexposureRb_163.png,5.915,5.00,118,この画像には、石膏の壁に対して傷があることが分かります。傷の種類は、裂け目、鉄筋の露出、腐食、落ち落ち、部材の損失です。傷の強度は、軽度、中度、重度で、壁の一部分に限定されています。この壁には、石膏の
Q8_0,kensg-rebarexposureRb_164.png,6.889,4.00,142,この画像には、壁に書かれた数学的な記号があります。その記号は、数学的な式を表しています。壁の状態は、腐食や腐敗の痕跡があることから、構造的な損傷が見られます。損傷の種類は、腐食や腐敗で、損傷の程度は、
Q8_0,kensg-rebarexposureRb_165.png,7.187,3.50,163,この画像には、橋の構造的ダメージがあることが分かります。このダメージは、裂け目、鋼管の露出、腐食、落ち落ち、部材の損失などです。このダメージは、比較的軽度であり、特に裂け目が目立ちます。この裂け目は、
Q8_0,kensg-rebarexposureRb_166.png,10.374,3.00,216,この画像には、コンクリートの壁に対する様々な損傷が認められます。 最も目立つ損傷は、コンクリートの壁に対する剥がれ症です。この剥がれ症は、コンクリートの壁の一部が剥がれ落ちたり、壁の内部に剥がれたりす
Q8_0,kensg-rebarexposureRb_167.png,5.843,3.50,114,この画像には、石留めの損傷があります。損傷の種類は、破損、剥がれ、腐食、損失です。損傷の強度は、軽度、中度、重度です。損傷は、壁の一部に限定されており、広範囲に及びません。この損傷は、建物の安全性に影
Q8_0,kensg-rebarexposureRb_168.png,7.019,4.00,154,この画像には、壁の一部が崩れていることが明らかです。壁の損傷は、剥がれ落ちた石や破損した石でできており、壁の崩れによって壁の一部が失われています。この損傷は、軽度から中度のものであり、壁の一部が崩れて
Q8_0,kensg-rebarexposureRb_169.png,7.228,1.00,147,この写真に描かれた壁には、裂け目があり、その裂け目は壁の半分以上に及んでいます。この裂け目は、壁の強度を低下させ、壁の構造に悪影響を与えています。また、壁には、裂け目以外にも、裂け目の周りに破損があり
Q8_0,kensg-rebarexposureRb_170.png,6.363,4.00,125,この画像には、コンクリートの壁に対して傷があることが分かります。傷の種類は、裂け目、鉄筋の露出、腐食、落敗、部材の損失です。傷の強度は、軽度、中度、重度の3段階で評価されます。傷は壁の一部であり、広範
Q8_0,kensg-rebarexposureRb_171.png,5.778,2.00,121,この画像に描かれた構造的ダメージは、裂け目や鉄筋の露出、腐食、落石、部材の損失などが含まれています。 これらのダメージは、壁の崩壊や構造物の劣化を引き起こす可能性があります。 このダメージは、建物の壁
Q8_0,kensg-rebarexposureRb_172.png,6.863,3.50,148,この画像には、壁に刻まれた数字があり、その数字は1000を超えています。壁には、破損した箇所があり、その箇所は壁の一部を失っています。この破損は、壁の強度を低下させ、長期的な壁の崩壊を引き起こす可能性
Q8_0,kensg-rebarexposureRb_173.png,10.519,2.50,240,この画像には、施錠された構造物の壁に書かれた数式があります。数式は、1720から1750までの間で、1735に対応する数値を示しています。この数式は、構造物の損傷状況を示すものではありません。  この
Q8_0,kensg-rebarexposureRb_174.png,10.415,2.00,222,この画像には、橋の構造物に対して複数の損傷が見られます。その中には、裂け目、鋼材の露出、腐食、剥がれ、部品の損失などが含まれます。これらの損傷は、橋の安全性に影響を与える可能性があります。  具体的に
Q8_0,kensg-rebarexposureRb_175.png,6.648,2.50,140,この画像には、壁に描かれた数字や文字が見られます。これらの数字や文字は、壁の損傷や壁の構造に関する情報を提供する可能性があります。壁には、剥がれた鉄筋や腐食、落石、壁の損傷などが見られます。これらの損
Q8_0,kensg-rebarexposureRb_176.png,10.428,1.00,180,この写真には、壁に描かれた数学公式があります。壁の傷は、壁の壁に対して傷があり、壁の壁に対して傷があります。壁の壁に対して傷の範囲は、壁の壁に対して傷があります。壁の壁に対して傷の範囲は、壁の壁に対し
Q8_0,kensg-rebarexposureRb_177.png,10.260,0.00,290,この画像には、壁に固定された円形の管が含まれています。管の内部には、数字が書かれており、管の外側には、数字の下に「10」と「11」が書かれています。管の内部には、数字の下に「10」と「11」が書かれて
Q8_0,kensg-rebarexposureRb_178.png,6.407,3.00,146,この写真には、道路トンネルの上にある構造物に対する損傷が見られます。具体的には、コンクリートの壁に対する腐食が著しく、一部のコンクリートが剥がれています。この損傷は、軽度から中度のレベルであり、壁の一
Q8_0,kensg-rebarexposureRb_179.png,6.418,5.00,133,この画像には、壁に対して傷があることが分かります。傷の種類は、裂け目、鉄筋の露出、腐食、剥がれ、部材の損失です。傷の強度は、軽度、中度、重度のいずれかです。傷の位置は、壁の上部にあり、広範囲にわたって
Q8_0,kensg-rebarexposureRb_180.png,6.864,4.00,135,この画像には、壁に対して傷があることが分かります。傷の種類は、裂き目、鉄筋の露出、腐食、剥がれ、部材の損失です。傷の強度は、軽度、中度、重度のいずれかです。傷は壁の一部に限定されており、広範囲にわたっ
Q8_0,kensg-rebarexposureRb_181.png,4.935,4.00,107,この画像において、壁の損傷は、剥がれた鉄筋があることで特徴付けられます。この損傷は、軽度のものであり、壁の一部が失われていることが分かります。この損傷は、壁の上部にあり、一部の石が外れていることが示唆
Q8_0,kensg-rebarexposureRb_182.png,6.946,3.00,157,このイメージには、施錠された鋼管があり、その上には壁があります。鋼管には、「M40-060」という記述が書かれています。この鋼管には、腐食が起こっており、その結果、一部の鋼管が壊れています。腐食の程度
Q8_0,kensg-rebarexposureRb_183.png,9.400,3.50,205,この画像には、壁に対して横向きに配置されたシルバーの管があります。管の下には、壁に対して傾斜した構造物があり、その上には、管の下に垂れ下がっている材料があります。この構造物には、材料の一部が剥がれ落ち
Q8_0,kensg-rebarexposureRb_184.png,7.810,0.00,168,この画像には、斜面の壁に対して描かれた数学的な図形があります。この図形は、斜面の傾斜度を示しており、傾斜度が25.03度であることが分かります。傾斜度が25.03度ということは、斜面がほぼ水平になって
Q8_0,kensg-rebarexposureRb_185.png,7.791,4.00,169,この画像には、壁に描かれた数字があり、その下には「2013年11月1日」という日付があります。壁の上には、壁の破損が見られます。この破損は、壁の損傷の種類として、「裂け目」と「腐食」を見ることができま
Q8_0,kensg-rebarexposureRb_186.png,8.004,3.00,186,この画像には、コンクリートの壁に対して描かれた鳥のイラストがあり、その下には「OL CAL」という文字が書かれています。また、横には「30000000」という数字が書かれています。壁には、鳥のイラスト
Q8_0,kensg-rebarexposureRb_187.png,6.523,3.50,136,この画像には、橋の損傷が見られます。具体的には、縫合破損、腐食、落ち落ち、部材損失が認められます。これらの損傷は、橋の強度を低下させ、安全性を損なう可能性があります。損傷の具体的な位置は、橋の上部にあ
Q8_0,kensg-rebarexposureRb_188.png,5.850,4.50,121,この画像には、壁に対して傷があることが明らかです。壁に対して傷は、割れ目、鋼管の露出、腐食、壁損失のいずれかです。傷の強度は、軽度、中度、重度で、傷の範囲は、部分的、全体的です。壁に対して傷がある場所
Q8_0,kensg-rebarexposureRb_189.png,7.409,3.50,149,この画像には、壁の破損が認められます。壁には、破損の痕跡があり、その痕跡は、壁の崩落によって引き起こされました。この破損は、壁の強度が低下していることを示しており、修理が必要です。この破損は、軽度から
Q8_0,kensg-rebarexposureRb_190.png,6.709,5.00,137,この画像には、壁に対して傷があることがわかります。傷の種類は、裂け目、鉄筋の露出、腐食、落ち落ち、部材の損失です。傷の強度は、軽度、中度、重度です。傷は壁の下部にあり、広範囲にわたっています。この壁に
Q8_0,kensg-rebarexposureRb_191.png,7.502,0.00,162,このイメージには、壁に対して傷があり、その傷は壁の崩壊に向かって進んでいる。壁の崩壊は、壁の構造的な弱点によって引き起こされることが多い。この場合、壁の崩壊は、壁に対する力の大きさや壁の材料の脆さによ
Q8_0,kensg-rebarexposureRb_192.png,8.552,4.00,182,この画像には、橋の構造物に対する損傷が観察されています。具体的には、裏側の構造物に対して、裂け目があり、その一部が剥がれています。また、裏側の構造物には、裂け目があり、その一部が剥がれています。この損
Q8_0,kensg-rebarexposureRb_193.png,4.922,5.00,94,この写真には、壁に対する傷があります。傷の種類は、裂き目、鉄筋の露出、腐食、剥がれ、セクションの損失です。傷の強度は、軽度、中度、重度です。傷の場所は、壁の上部で、広範囲にわたっています。
Q8_0,kensg-rebarexposureRb_194.png,8.366,1.00,175,この画像には、壁に刻まれた赤い線があり、その線が縦に走っている。線は壁の縁にあり、壁の内部には歪みがある。歪みは壁の縁から線に向かって走っており、線の下には線の対側にある壁の縁に向かって歪みがある。こ
Q8_0,kensg-rebarexposureRb_195.png,6.677,4.00,137,この画像には、アーチの壁に対して描かれた赤い線があり、その線が破損した部分が見えます。この破損は、壁の強度が低下し、構造的な損傷を引き起こしています。破損部分は、壁の底部にあり、広範囲にわたっています
Q8_0,kensg-rebarexposureRb_196.png,8.682,5.00,183,このイメージには、コンクリートの壁に対して、赤い線が引かれています。線は、壁の一部を損傷させており、壁の構造に悪影響を与えています。損傷の種類は、裂け目、鉄筋の露出、腐食、落石、部材の損失です。損傷の
Q8_0,kensg-rebarexposureRb_197.png,7.773,5.00,165,この写真には、道路の支柱に対して破損があることが分かります。破損の種類は、損傷、鉄筋の露出、腐食、落石、部材の損失です。破損の重さは、軽度、中度、重度のいずれかです。破損の位置は、支柱の上部、中部、下
Q8_0,kensg-rebarexposureRb_198.png,7.473,4.00,159,この画像には、壁に書かれた文字があり、その中には「10」という数字があります。壁の上には、壁の損傷があります。その損傷は、壁の割れ目、鉄筋の露出、腐食、壁の落ち落ち、部材の損失などです。損傷の傾向は、
Q8_0,kensg-rebarexposureRb_199.png,6.150,3.00,117,この画像には、壁の損傷が認められます。損傷の種類は、剥がれ、腐食、落朽、部材の損失です。損傷の傾向は、軽度から中度にかけてで、壁の一部が剥がれ、腐食しています。この損傷は、壁の強度を低下させ、長期的な
Q8_0,kensg-rebarexposureRb_200.png,6.817,1.50,146,この画像において、壁には裂け目があり、コロッセウムの崩壊が見られます。この裂け目は、壁の強度を低下させ、崩壊のリスクを高めています。また、壁の一部が剥がれ落ちています。この壁の状態は、裂け目が著しく、
Q8_0,kensg-rebarexposureRb_201.png,6.640,3.00,142,このイメージには、コンクリートの壁に対して大きな損傷があります。 この損傷は、コンクリートの壁の一部が剥がれ落ちていることを示しています。 この損傷は、軽度から中度の損傷であり、壁の幅の範囲内に限定さ
Q8_0,kensg-rebarexposureRb_202.png,7.907,4.00,161,この画像には、橋の支撑材の損傷が観察されています。損傷の種類は、裂け目、鉄筋の露出、腐食、溶岩、部材の損失です。損傷の重大度は、軽度、中度、重度で分類されます。損傷は、橋の上部に集中しており、その幅は
Q8_0,kensg-rebarexposureRb_203.png,5.131,3.00,111,この画像には、道路の支柱に対して損傷があります。 具体的には、支柱の一部が剥がれ、腐食が進んでいます。 この損傷は、軽度から中度のものとなっており、支柱の一部に限定されています。 この損傷は、腐食によ
Q8_0,kensg-rebarexposureRb_204.png,5.688,4.50,114,この画像には、壁に対して傷があることが分かります。壁に対して傷は、裂け目、鋼管の露出、腐食、落敗、部材の損失のいずれかです。傷の強度は、軽度、中度、重度のいずれかで、傷の位置と広さについては、壁の一部
Q8_0,kensg-rebarexposureRb_205.png,5.990,5.00,120,この画像には、道路の下にある構造物の損傷が見られます。損傷の種類は、裂け目、鉄筋の露出、腐食、落敗、部品の損失です。損傷の重大度は、軽度、中度、重度です。損傷の位置は、道路の下にあり、広範囲に及んでい
Q8_0,kensg-rebarexposureRb_206.png,7.393,4.50,145,この画像において、壁には赤い刻印が残されており、壁の一部が崩れていることが分かります。壁の損傷は、裂け目や裂け縫い、腐食、剥がれ、部材の損失などが含まれます。壁の損傷の具体的な位置や強度は、壁の各部分
Q8_0,kensg-rebarexposureRb_207.png,10.233,0.50,173,このイメージには、壁に対して傷があり、その傷は損傷の種類によって分類されるべきです。壁には、損傷の種類によって分類されるべき傷があり、その傷は損傷の種類によって分類されるべきです。傷の傷の傷の傷の傷の
Q8_0,kensg-rebarexposureRb_208.png,9.538,1.00,211,この画像には、コンクリート製の構造物に対して、重大な損傷が認められます。具体的には、コンクリートの剥がれや腐食が確認されており、それにより構造物の強度が低下していることが示唆されています。この損傷は、
Q8_0,kensg-rebarexposureRb_209.png,7.010,4.00,138,この画像において、壁に対して損傷が認められています。損傷の種類は、裂け目、鉄筋の露出、腐食、剥がれ、部材の損失です。損傷の重大度は、軽度、中度、重度で分類されます。損傷は、壁の上部に集中しています。こ
Q8_0,kensg-rebarexposureRb_210.png,7.006,1.00,141,この画像には、壁に対して半径約20メートルの壁の損傷があります。損傷の種類は、裂け目で、裂け目の幅は約10センチです。損傷の深さは、裂け目の表面に裂け目が入り、壁面に対して約10センチの損失があります
Q8_0,kensg-rebarexposureRb_211.png,4.781,5.00,88,この画像には、壁の破損が見られます。破損の種類は、裂け目、鉄筋の露出、腐食、剥がれ、部材の損失です。破損の重度は、軽度、中度、重度で、それぞれの場所と広さに応じて評価されます。
Q8_0,kensg-rebarexposureRb_212.png,10.219,3.00,236,この画像には、コンクリートの壁に対して損傷があります。壁には、裂け目、レバーの露出、腐食、落朽、セクションの損失があります。裂け目は、壁の表面に深い傷をつけ、レバーの露出は、レバーが壁から露出している
Q8_0,kensg-rebarexposureRb_213.png,8.886,3.50,189,この画像には、壁に対して両側に横向きに刺さっている補強材（リベット）があり、その一部が外れていることが分かります。この損傷は、補強材の弱点によるものであり、壁の強度が低下していることを示しています。損
Q8_0,kensg-rebarexposureRb_214.png,6.715,2.50,144,この画像には、コンクリート製の橋の損傷が見られます。具体的には、コンクリートの一部が剥がれており、損傷の広範囲があります。この損傷は、重度のものであり、橋の強度に大きな影響を与えています。損傷の原因は
Q8_0,kensg-rebarexposureRb_215.png,10.225,3.50,210,この画像には、コンクリートの壁に対して、複数の赤い刻印が残されています。これらの刻印は、壁の損傷の種類、傷の重さ、そしてその損傷がどのように広がっているかを示しています。  壁には、複数の刻印があり、
Q8_0,kensg-rebarexposureRb_216.png,6.585,3.50,148,この画像には、道路橋の構造的ダメージが見られます。具体的には、壁の割れ目や裏返し、腐食、破砕、部材の損失などが認められます。これらのダメージは、軽度から重度までの幅広いレベルで見られ、様々な部位に存在
Q8_0,kensg-rebarexposureRb_217.png,7.495,4.00,150,この画像には、コンクリートの壁に対して、赤い標識が置かれています。壁には、損傷が見られます。損傷の種類は、裂け目、鉄筋の露出、腐食、剥がれ、部材の損失です。損傷の強度は、軽度、中度、重度で分類されます
Q8_0,kensg-rebarexposureRb_218.png,10.182,0.00,292,この画像には、壁に寄せられた赤い塗料の印があり、その上には「5000000000000000000000000000000000000000000000000000000000000000000000
Q8_0,kensg-rebarexposureRb_219.png,8.020,4.00,170,この画像には、道路の支柱における構造的損傷が明らかになっています。損傷の種類は、裂け目、鉄筋の露出、腐食、剥がれ、部材の損失です。損傷の強度は、軽度、中度、重度の3段階で評価されます。損傷は、支柱の一
Q8_0,kensg-rebarexposureRb_220.png,10.180,3.50,214,この写真には、施錠された構造物の壁に描かれた数学的な記号があります。この記号は、数学的な式を表しています。壁には、腐食や裂け目、および歪みが見られます。これらの損傷は、構造物の安全性に影響を与える可能
Q8_0,kensg-rebarexposureRb_221.png,7.133,2.00,157,この画像には、コンクリートの壁に縫線が描かれている。縫線は、壁の一部が剥がれ落ちたり、腐食したりしていることを示しています。壁の一部が剥がれ落ちている場合、壁の強度が低下し、損傷が進行する可能性があり
Q8_0,kensg-rebarexposureRb_222.png,6.019,4.00,121,このイメージには、壁に対して傷があることが分かります。傷の種類は、裂け目、鉄筋の露出、腐食、破砕、部材の損失です。傷の強度は、軽度、中度、重度です。傷は壁の一部に限定されており、広範囲にわたっていませ
Q8_0,kensg-rebarexposureRb_223.png,7.483,5.00,154,この画像には、コンクリートの構造物に対する損傷が観察されています。損傷の種類は、裂け目、鉄筋の露出、腐食、落敗、部材の損失です。損傷の重大度は、軽度、中度、重度で分類されています。損傷は、壁の上部にあ
Q8_0,kensg-rebarexposureRb_224.png,6.981,5.00,151,この画像には、コンクリートの壁に対して傷があることが分かります。傷の種類は、裂け目、鉄筋の露出、腐食、落ち落ち、部材の損失です。傷の強度は、軽度、中度、重度で分類されます。傷は壁の上部にあり、広範囲に
Q8_0,kensg-rebarexposureRb_225.png,6.816,4.00,135,この画像には、道路の下にある構造物の損傷があります。損傷の種類は、裂け目、鉄筋の露出、腐食、落敗、部品の損失です。損傷の強度は、軽度、中度、重度の3段階で評価されます。損傷は、壁の上にあり、広範囲にわ
Q8_0,kensg-rebarexposureRb_226.png,6.872,5.00,145,この画像には、コンクリートの壁に対して損傷があることが分かります。損傷の種類は、裂け目、鉄筋の露出、腐食、剥がれ、セクションの損失です。損傷の傷度は、軽度、中度、重度です。壁の損傷は、壁の上部に広がっ
Q8_0,kensg-rebarexposureRb_227.png,5.408,4.00,108,この画像には、壁に対して傷があることが分かります。傷の種類は、裂け目、鉄筋の露出、腐食、剥がれ、部材の損失です。傷の強度は、軽度、中度、重度であり、壁の一部で起こっています。壁の傷は、壁の下にある穴に
Q8_0,kensg-rebarexposureRb_228.png,7.120,5.00,153,この画像には、コンクリートの壁に対して傷があることが分かります。傷の種類は、縫合破損、鉄筋の露出、腐食、剥がれ、部材の損失です。傷の重大度は、軽度、中度、重度です。傷の位置は、上部、中央、下部に分布し
Q8_0,kensg-rebarexposureRb_229.png,7.032,5.00,136,この画像には、壁に対して損傷があることが明らかです。損傷の種類は、裂け目、鉄筋の露出、腐食、剥落、部材の損失です。損傷の重大度は、軽度、中度、重度です。損傷は壁の上部にあり、広範囲にわたっています。こ
Q8_0,kensg-rebarexposureRb_230.png,8.295,1.50,173,この画像には、壁の傷があることが分かります。具体的には、壁の一部が剥がれ落ちており、壁の傷があります。この傷は、裂け目のような状態で、壁の強度が低下していることが示唆されています。壁の傷の幅は、壁全体
Q8_0,kensg-rebarexposureRb_231.png,5.632,1.50,121,この画像には、コンクリートの壁に対して重大な損傷があることが分かります。壁の一部が崩落し、コンクリートの表面に対して傷があります。この損傷は、壁の強度が低下し、危険な状態にあることを示しています。この
Q8_0,kensg-rebarexposureRb_232.png,6.836,2.00,154,この画像には、橋の構造的な損傷が見られます。具体的には、壁に対する腐食が見られ、その一部が剥がれています。また、壁の一部が崩落しています。この損傷は、腐食の程度が中等度であり、壁の一部が失われているこ
Q8_0,kensg-rebarexposureRb_233.png,6.742,0.00,145,この画像には、道路の支柱に対して補強材が施されていることが分かります。その補強材には、鋼管が使用されています。また、道路の支柱には、剥がれ落ちた石が覆っています。この石の剥がれは、支柱の腐敗や補強材の
Q8_0,kensg-rebarexposureRb_234.png,7.145,5.00,142,この画像には、壁に対して傷があることが分かります。壁に対する傷の種類は、裂け目、鉄筋の露出、腐食、剥がれ、部材の損失です。傷の強度は、軽度、中度、重度で分類されます。傷の位置と広がりは、壁の一部のみに
Q8_0,kensg-rebarexposureRb_235.png,6.308,2.00,130,この画像には、壁に対して細い赤い線が描かれており、その線の上には数値が書かれています。壁の下には、壁の傷が見られます。壁の傷の種類は、裂け目であり、その傷の強度は、中等度です。壁の傷の広がりは、壁の一
Q8_0,kensg-rebarexposureRb_236.png,7.049,5.00,154,この画像には、壁に対して傷があることが分かります。傷の種類は、裂け目、鉄筋の露出、腐食、剥がれ、セクションの損失です。傷の強度は、軽度、中度、重度で、壁の一部が失われていることが明らかです。壁の位置と
Q8_0,kensg-rebarexposureRb_237.png,6.383,4.00,128,この画像には、壁の破損が見られます。破損の種類は、裂け目、鉄筋の露出、腐食、落ち落ち、部材の損失です。破損の重大度は、軽度、中度、重度です。破損は、壁の一部に限定されており、広範囲にわたっていません。
Q8_0,kensg-rebarexposureRb_238.png,9.300,5.00,204,この画像には、コンクリートの壁に大きな穴が開いている様子が描かれています。この穴は、コンクリートの壁の一部が失われていることを示しており、その穴の広がりは、壁の半分以上に及ぶことが分かります。この穴は
Q8_0,kensg-rebarexposureRb_239.png,10.207,4.00,224,この画像には、コンクリートの構造物に対して複数の損傷が認められています。  1. 損傷の種類： コンクリートの構造物には、複数の割れ目が存在しており、そのうちの一部は深刻なものです。 2. 損傷の強度
Q8_0,kensg-rebarexposureRb_240.png,9.818,1.50,194,この画像には、壁に対して傾斜した破損があり、その破損は縁石の脱落とともに、壁の崩落の危険性を示しています。この破損は、壁の強度が低下していることを示しており、修理が必要です。また、壁の壁に対して傾斜し
Q8_0,kensg-rebarexposureRb_241.png,8.510,2.50,182,この画像には、壁の下にある壊れた部分があります。この壊れた部分は、コロッセウムの壁に対して、重大な損傷を引き起こしています。この損傷は、壁の下にある壊れた部分によって引き起こされており、壁の下の壊れた
Q8_0,kensg-rebarexposureRb_242.png,10.103,2.50,237,この画像において、壁にある穴に対して、測量器を使用して測定が行われている。測量器には、数字が表示されており、その数字は、穴の深さを示している。測量器の横には、「0」と「1」の数字が表示されている。  
Q8_0,kensg-rebarexposureRb_243.png,6.939,5.00,141,この画像には、壁に対して破損があることが分かります。破損の種類は、裂け目、鉄筋の露出、腐食、剥がれ、部材の損失です。破損の重大度は、軽度、中度、重度で分類されます。破損の場所は、壁の上部、中央部分、下
Q8_0,kensg-rebarexposureRb_244.png,8.009,5.00,162,この画像には、壁に掛けられた標識があり、その標識には数値が書かれています。標識には、壁の状態に関する情報が記載されており、壁の損傷の種類、傷の程度、その位置、およびその範囲について説明されています。壁
Q8_0,kensg-rebarexposureRb_245.png,7.184,1.50,160,この画像には、橋の構造的ダメージが明らかになっています。具体的には、縁石の剥がれ、裏返し、腐食、剥がれ、部材の損失が確認できます。これらのダメージは、橋の強度を低下させ、長期的な安全性を損なう可能性が
Q8_0,kensg-rebarexposureRb_246.png,8.726,4.50,195,この画像には、壁の下にある石の一部が破損していることが分かります。破損部分は、壁の下にある石の一部が落ちているようです。破損部分の種類は、腐食や落石、裂け目であり、裂け目の幅は、少なくとも20センチ以
Q8_0,kensg-rebarexposureRb_247.png,10.190,0.00,250,この画像には、壁に対して垂直している板があり、その板には「10」と「1」という数字が書かれています。この板は、網目が壁に垂直していることを示しています。この板の上には、「10」と「1」の数字が書かれて
Q8_0,kensg-rebarexposureRb_248.png,10.206,0.00,288,この画像には、コンクリート製の橋の下にある壁に、赤い墨で書かれた数値が描かれています。数値は、10000000000000000000000000000000000000000000000000000
Q8_0,kensg-rebarexposureRb_249.png,8.707,5.00,181,この画像には、壁に対して横から落ちている線があり、その線が壁の半分程度の位置にあることがわかります。また、壁には一部の破損があり、その破損は農薬副産物の残渣と見られます。破損の種類は、裂け目や鋼管の露
Q8_0,kensg-rebarexposureRb_250.png,10.276,2.50,206,この画像には、橋の支柱に対して、裏側から見ると、裏側にある細い穴に対して、「施錠」と書かれた紙が貼られています。この紙は、穴の広がりを示すために使用されています。穴の広がりは、支柱の損傷の種類であり、
Q8_0,kensg-rebarexposureRb_251.png,7.044,4.00,138,この画像には、壁に対する損傷が認められます。損傷の種類は、裂き目、鉄筋の露出、腐食、落ち落ち、部材の損失です。損傷の重大度は、軽度、中度、重度です。損傷は、壁の一部に限定されており、壁の広範囲にわたっ
Q8_0,kensg-rebarexposureRb_252.png,7.550,4.00,148,この画像には、壁の破損部分があります。破損部分は、コロッセウムの壁にあり、破損の種類は、破綻、溶岩、腐食、落朽、部材の損失です。破損の強度は、軽度から中度にかけてで、壁の一部が崩落しています。破損部分
Q8_0,kensg-rebarexposureRb_253.png,10.263,4.00,202,この画像において、壁の損傷は、裂け目やコロッセウムの露出、腐食、落敗部の損傷です。 裂け目は、壁の一部が引き裂かれた状態で、損傷の程度は軽度から中度までの範囲です。コロッセウムの露出は、鉄筋が表面に露
Q8_0,kensg-rebarexposureRb_254.png,7.100,1.50,150,この画像には、壁の下にある暗い穴に入り込んでいる動物がいます。穴の中には、砂や異物が散らばっており、その中には複数の虫がいます。この穴は、壁の下にある暗い箱に入っています。この箱は、壁の下にある暗い穴
